https://news-eleven.com/article/64930,အီတလီတွင် အတ်တနာမီးတောင် ပေါက်ကွဲမှုဖြစ်ပြီးနောက် ပြင်းအား ၄.၈ အဆင့်ရှိ ငလျင်လှုပ်ခတ်
https://news-eleven.com/article/64927,တရုတ်နှင့် ထိစပ်နေသော နယ်စပ်ဒေသတွင် ကာကွယ်ရေးမြှင့်တင်မှုအဖြစ် အိန္ဒိယက အရှည်ဆုံး ရထားလမ်းတံတားကို ဖွင့်လှစ်
https://news-eleven.com/article/64924,ထိုင်းတွင် ဆေးဘက်ဆိုင်ရာ ရည်ရွယ်ချက်ဖြင့် ဆေးခြောက်အား အသုံးပြုမှုကို တရားဝင်ခွင့်ပြု
https://news-eleven.com/article/64921,ကျွန်းဆွယ်ပေါ်မှ ရထားလမ်းနှင့် ကားလမ်းများအား ပြန်လည်ချိတ်ဆက်ရန် ကိုရီးယားနှစ်နိုင်ငံကတိပြု
https://news-eleven.com/article/64918,မအူပင်မြို့တွင် လယ်ယာမြေအငြင်းပွားမှုပြဿနာ တစ်ခုကို တိုင်းဒေသကြီးအစိုးရက ဆုံးဖြတ်ချက်ချမှုအပေါ် လက်မခံနိုင်ဟုဆိုကာ ဒေသခံတောင်သူများ ဆန္ဒထုတ်ဖော်
https://news-eleven.com/article/64873,သတင်းတိုများ စုစည်းဖော်ပြမှု
https://news-eleven.com/article/64870,(၁၀)နှစ်ကျော်အကြာတွင်မှ စပါးအသင်းနှင့် ဆွတ်ခူးခဲ့သည့် လိဂ်ဖလားဆုတံဆိပ်ကို ဒီဖိုး လက်ခံရရှိ
https://news-eleven.com/article/64864,ဒေါ့မွန်အသင်းနည်းပြဟောင်း ပေတာဘော့ဇ်အား နည်းပြသစ်အဖြစ် လေဗာကူဆင်အသင်း ခန့်အပ်
https://news-eleven.com/article/64855,မိသားစုခြိမ်းခြောက်ခံရမှုကြောင့် ဘရာဇီးလ်အတွက် ကစားပေးရန် ဖာနန်ဒင်ဟို ငြင်းဆိုထားဟု ဘရာဇီးလ်နည်းပြထိထီ ဆို
https://news-eleven.com/article/64822,စစ်ကိုင်းခရိုင် မြောင်မြို့နယ်အတွင်း နှစ်တစ်ရာကျော် သက်တမ်းရှိ ရှေးဟောင်းမှန်ကျောင်းကြီးကို ပြုပြင်ထိန်းသိမ်းရန် လိုအပ်နေ
https://news-eleven.com/article/64819,ဟံသာဝတီ လေဆိပ်သစ် တည်ဆောက်ရေး စီမံကိန်း စတင်ရန် ဂျပန်-မြန်မာ နှစ်နိုင်ငံအစိုးရ ပူးပေါင်းပါဝင်သော ညှိနှိုင်းပြင်ဆင်မှု ကော်မတီက ညှိနှိုင်းဆောင်ရွက်နေ
https://news-eleven.com/article/64816,မြန်မာနိုင်ငံသို့ E-Visa ဖြင့် ဝင်ရောက်ခွင့်ပြုသည့် နိုင်ငံပေါင်း ၁၀၀ ကျော်ရှိပြီး အမေရိကန်၊ အင်္ဂလန်နှင့် ဥရောပနိုင်ငံအများစု အပါအဝင် နိုင်ငံပေါင်း ၅၄ နိုင်ငံအား ဆိုက်ရောက် ဗီဇာဖြင့် ဝင်ရောက်ခွင့်ပြုထား
https://news-eleven.com/article/64813,၂၀၁၉ ခုနှစ် ဇန်နဝါရီမှစ၍ FDA ၏ ထောက်ခံချက် လျှောက်ထားမှုများကို အွန်လိုင်းရက်ချိန်း ကြိုတင်လျှောက်ထားမှု စနစ်နှင့် ထောက်ခံချက်လက်မှတ် စီမံခန့်ခွဲမှု စနစ်များဖြင့် စတင်ကျင့်သုံးမည်
https://news-eleven.com/article/64810,၂၀၁၉ ခုနှစ် တက္ကသိုလ်ဝင် စာမေးပွဲ ပုံစံ၌ လွယ်၊ သင့်၊ ခက် မျှတစွာ တွေးခေါ်မှုကို အားပေးသည့် မေးခွန်းများ ပိုမိုပါဝင်လာမည်ဖြစ်ကြောင်း ပြည်ထောင်စုဝန်ကြီး ပြောကြား
https://news-eleven.com/article/64807,မန်ယူဂန္ထဝင်များ၏ ဝေဖန်မှုများကို မျှော်လင့်ထားကြောင်း ဆိုးလ်ရှားဝန်ခံ 
https://news-eleven.com/article/64804,ပို့ဆောင်ရေးနှင့် ဆက်သွယ်ရေး ဝန်ကြီးဌာန ပြည်ထောင်စုဝန်ကြီး ရန်ကုန်မြို့ပတ်ရထားလမ်း အဆင့်မြှင့်တင်ရေး စီမံကိန်းများ လုပ်ငန်းခွင်သို့ သွားရောက်ကြည့်ရှု
https://news-eleven.com/article/64801,ဗဟန်းမြို့နယ်၊ နတ်မောက်လမ်းတွင် ကိုယ်ပိုင်ယာဉ်တစ်စီးက ပလက်ဖောင်းပေါ် လမ်းလျှောက်နေသူများအား တိုက်မိမှုဖြစ်ပွားပြီး တစ်ဦးသေဆုံး
https://news-eleven.com/article/64795,ပုဂ္ဂလိကဆေးရုံများတွင် သူနာပြု လိုအပ်ချက် ဖြည့်ဆည်းနိုင်ရန် “ပုဂ္ဂလိက သူနာပြုနှင့် သားဖွားသင်တန်းကျောင်း” များ ဖွင့်လှစ်နိုင်ရန် လုပ်ဆောင်နေ
https://news-eleven.com/article/64792,မဲဆောက်မြို့မှ ငွေစက္ကူအတုများ ဝယ်ယူပြီး သုံးစွဲနေသူ နှစ်ဦးအား ကျပ် ၁၀၀၀၀ တန်အတု ၃၅၅ ရွက်နှင့်အတူ ရန်ကုန်မြို့တွင် ဖမ်းမိ
https://news-eleven.com/article/64789,တရုတ်ဘက်မှ လေဖိအားကြီးရပ်ဝန်း အားကောင်းမှုကြောင့် မြန်မာနိုင်ငံ မြောက်ပိုင်းဒေသများတွင် အနုတ်ဒီဂရီအထိ အေးနေပြီး နောက်သုံးရက်အထိ အအေးပိုနိုင်
https://news-eleven.com/article/64786,အီတလီစီးရီးအေပွဲစဉ်များ ပွဲကြိုသုံးသပ်ချက်  
https://news-eleven.com/article/64783,ပရီးမီးယားလိဂ်ပွဲစဉ်များ ပွဲကြိုသုံးသပ်ချက်     
https://news-eleven.com/article/64780,လက်စတာအား ရှုံးနိမ့်သည့်ပွဲကို သင်ခန်းစာယူကြရန် ကစားသမားများကို ဆာရီ တိုက်တွန်း
https://news-eleven.com/article/64777,ဟာဇက်အား ကစားသမား (၂) ဦးအလိုက်ပေးကမ်းလှမ်းရန် ရီးယဲလ်မက်ဒရစ်အသင်းစီစဉ်နေ
https://news-eleven.com/article/64774,ရွာသာကြီး စိတ်ကျန်းမာရေးဆေးရုံ မီးလောင်မှုမှာ မျက်နှာကြက်အတွင်း သွယ်တန်းထားသော ၀ိုင်ယာကြိုးပေါက်ရာမှ Short Circuit ဖြစ်ပြီး လောင်ကျွမ်းခြင်းဖြစ်
https://news-eleven.com/article/64771,ဆွာနယ်မြေရဲစခန်းအပိုင် ကွမ်းအုံကျေးရွာတွင် အမျိုးသားတစ်ဦးထံမှ စက်သေနတ်ကြီး ကျည် ၁၁ တောင့် သိမ်းဆည်းရမိ
https://news-eleven.com/article/64768,ရခိုင်ပြည်နယ် ကျောက်တော်မြို့နယ် ယိုးချောင်းအထက်ပိုင်းမှ နယ်မြေလုံခြုံရေးအခြေအနေကြောင့် နေရပ်စွန့်ခွာတိမ်းရှောင်သူများအား ရခိုင်ပြည်နယ်ဝန်ကြီးချုပ် သွားရောက်တွေ့ဆုံကာ ထောက်ပံ့ငွေပေးအပ်
https://news-eleven.com/article/64762,ပြင်သစ်တစ်နှစ်တာအကောင်းဆုံးဘောလုံးသမားဆုကို ဘာပေ ရရှိ
https://news-eleven.com/article/64759,ကျန်းမာရေးနှင့် အားကစားဝန်ကြီးဌာနအတွက် လိုအပ်နေသည့် အလုပ်သင်ဆရာဝန်နေရာများ လာမည့်နှစ်အစောပိုင်းတွင် ထပ်မံခေါ်ယူမည်
https://news-eleven.com/article/64756,၂၀၂၀ ပြည့်နှစ် အထွေထွေရွေးကောက်ပွဲ၌ လူ့ဘောင်သစ် ဒီမိုကရက်တစ်ပါတီက ကိုယ်စားလှယ်နေရာ ၅၀ ကျော်တွင် ဝင်ရောက်ယှဉ်ပြိုင်ရန် ပြင်ဆင်ထား
https://news-eleven.com/article/64750,ကချင်ပြည်နယ်ရှိ အဓိကဘိန်းစိုက်ပျိုးသည့် တနိုင်းဒေသ၊ တရုတ်-မြန်မာ နယ်စပ်နှင့် ပူတာအိုတောင်ပိုင်း ဆွမ်ပရာဘွမ်တွင် ဘိန်းစိုက်ပျိုးမှု ယခင်နှစ်ထက် ပိုများနေ
https://news-eleven.com/article/64753,ဘာစီလိုနာသို့ နေမာ ပြန်လာရန် ဆုတောင်းနေကြောင်း အာသာ ဖွင့်ဟ
https://news-eleven.com/article/64747,ထားဝယ်မြို့လယ်တွင် တုတ်၊ ဓား၊ ရဲတင်းများ ကိုင်ဆောင်ထားသည့် ဆိုင်ကယ်စီးလူငယ်အုပ်စုက အခြားလူငယ်နှစ်ဦး၏ ဆိုင်ကယ်ကို ကန်လှဲပြီး ၀ိုင်းဝန်းရိုက်နှက်မှုဖြစ်ပွား
https://news-eleven.com/article/64744,ပရီးမီယားလိဂ်ချန်ပီယံလောင်းစာရင်းတွင် ချယ်လ်ဆီးနှင့် အာဆင်နယ်တို့ပါဝင်နေဆဲဟု ယာဂန်ကလော့ပ်ပြောကြား
https://news-eleven.com/article/64741,လက်ပံတန်းမြို့ရှိ ရေခဲစက်တစ်ခုမှ ဒုတိယအကြိမ် ဂက်စ်ယိုစိမ့်မှုကြောင့် ဒေသခံ ၁၅၀ ခန့် ရွှေ့ပြောင်းပေးခဲ့ရပြီး သုံးဦး ဆေးရုံတင်ခဲ့ရ
https://news-eleven.com/article/64738,ပြည်တွင်းစက်သုံးဆီစျေးနှုန်းများ 92 Ron ၇၂၀ ကျပ်၊ 95 Ron ၈၀၀ ကျပ်၊ ဒီဇယ် ကျပ် ၉၀၀၊ ပရီမီယံဒီဇယ် ၉၁၅ ကျပ်အထိ ပြန်ကျလာပြီး နှစ်လခွဲအတွင်း ၁၇ ရာခိုင်နှုန်းမှ ၃၂ ရာခိုင်နှုန်းကျော်အထိ ကျဆင်း
https://news-eleven.com/article/64735,ဒီဇင်ဘာ ကျောင်းပိတ်ရက် ကာလတွင် နယ်စပ် မြဝတီမြို့မှ ထိုင်းနိုင်ငံ မဲဆောက်သို့ သွားရောက် လည်ပတ်သူ များပြား
https://news-eleven.com/article/64732,ဟုမ္မလင်းမြို့နယ် ရွှေညောင်ကျေးရွာနှင့် စာသင်ကျောင်းအနီး သက်ဆိုင်ရာက ရွှေလုပ်ကွက် တိုင်းတာသတ်မှတ်မှုကို ကန့်ကွက်သွားမည်ဟု လွှတ်တော် ကိုယ်စားလှယ် ပြောကြား
https://news-eleven.com/article/64729,၂၀၁၈-၂၀၁၉ ဘဏ္ဍာနှစ် နှစ်လအတွင်း နိုင်ငံခြားရင်းနှီးမြှုပ်နှံမှု ဒေါ်လာ ၄၆၅ ဒသမ ၉ သန်း၊ နိုင်ငံသားရင်းနှီးမြှုပ်နှံမှု ကျပ် ၂၆၆ ဒသမ ၆၂ ဘီလျံကျော်ဝင်ရောက်
https://news-eleven.com/article/64726,၂၀၁၈ ခုနှစ် နိုဝင်ဘာတွင် ပျမ်းမျှငွေကြေးဖောင်းပွမှုနှုန်း ၆ ဒသမ ၆၆ ရာခိုင်နှုန်းရှိပြီး ငွေကြေးဖောင်းပွမှုနှုန်း ရှစ်လဆက်တိုက်မြင့်တက်နေ
https://news-eleven.com/article/64723,ပိုင်းခြားစိတ်ဖြာနိုင်စွမ်း
https://news-eleven.com/article/64720,မြန်မာအပါအဝင် ကမ္ဘာ့နိုင်ငံများတွင် မကူးစက်နိုင်သောရောဂါများကြောင့် နှစ်စဉ် လူဦးရေ ၄၁ သန်းခန့် သေဆုံးနေပြီး အသက် ၃၀ မှ ၆၉ နှစ်ကြား ၁၅ သန်းခန့် ပါဝင်
https://news-eleven.com/article/64717,ဒုတိယအကြိမ်အမျိုးသားလွှတ်တော် ပထမပုံမှန် အစည်းအဝေးမှ ဒသမပုံမှန်အစည်းအဝေးအထိ အဆို ၁၈ ခု တင်သွင်းခဲ့သည့်အနက် အဆို ၁၁ ခု အတည်ပြုနိုင်
https://news-eleven.com/article/64714,ကျင့်သုံးဆဲဥပဒေများအနက် ရုပ်သိမ်း၊ ပယ်ဖျက်သင့်သည့်ဥပဒေ ၂၇ ခု၊ ပြင်ဆင်ရန်သင့်လျော်သည့် ဥပဒေ ၄၆ ခု၊ အဟောင်းရုပ်သိမ်းသင့်သည့် ဥပဒေ ၈၇ ခု၊ အသစ်ရေးဆွဲရန် သင့်လျော်သည့်ဥပဒေ အခု ၄၀ ကို လွှတ်တော်သို့တင်သွင်း
https://news-eleven.com/article/64711,တပ်မတော်၏ စစ်ရေးလှုပ်ရှားမှုများ မြေပြင်တွင် အမှန်တကယ်ရပ်ဆိုင်းထားပါက ၎င်းတို့၏ စစ်ရေးလှုပ်ရှားမှုများကိုလည်း ရပ်ဆိုင်းထားနိုင်ကြောင်း MNDAA  ၊ TNLA နှင့် AA တို့ ကြေညာ
https://news-eleven.com/article/64708,အီတလီတွင် အတ်တနာမီးတောင်ပေါက်ကွဲခဲ့သဖြင့် စစ္စလီလေပိုင်နက်ကို ပိတ်ထားခဲ့ရ
https://news-eleven.com/article/64705,ထိန်းသိမ်းခံထားရသော တရုတ်လူ့အခွင့်အရေး ရှေ့နေ၏ဇနီး တရားခွင်သို့ သွားရောက်ခွင့် တားမြစ်ခံရ
https://news-eleven.com/article/64702,ထိန်းသိမ်းခံထားရသော တရုတ်လူ့အခွင့်အရေး ရှေ့နေ၏ဇနီး တရားခွင်သို့ သွားရောက်ခွင့် တားမြစ်ခံရ
https://news-eleven.com/article/64699,အင်ဒိုနီးရှားမှ မီးတောင်-ဆူနာမီကြောင့် သေဆုံးသူဦးရေ ၄၀၀ ကျော်လာ
https://news-eleven.com/article/64696,အော်တိုဝမ်ဘီယာ၏ မိဘများကို မြောက်ကိုရီးယားက လျော်ကြေးဒေါ်လာ ၅၀၁ သန်းပေးရန် အမေရိကန်တရားရုံးအမိန့်ချ
https://news-eleven.com/article/64693,အာဖဂန်တွင် အစိုးရရုံးဝင်းတစ်ခု စီးနင်းတိုက်ခိုက်ခံခဲ့ရရာ လူ ၄၃ ဦးထက်မနည်းသေဆုံး
https://news-eleven.com/article/64690,အမေရိကန်ထံမှ ဒုံးဝယ်ယူမှုသည် ရုရှားမှ S – 400 ဝယ်ယူမည့်အပေါ် သက်ရောက်မှုမရှိဟု တူရကီပြောကြား
https://news-eleven.com/article/64687,ချောင်းသာကမ်းခြေတွင် နှစ်သစ်ကူးပွဲတော်အမီ ညစျေးတစ်ခု စတင်ဖွင့်လှစ်သွားမည်
https://news-eleven.com/article/64684,ရွှေဘိုမြို့နယ် ဧရာဝတီမြစ်အတွင်းရှိ ကျွန်းတစ်ခုပေါ်တွင် အပန်းဖြေစခန်းတစ်ခု ပြုလုပ်သွားမည်ဟု တိုင်းဒေသကြီးလွှတ်တော်ကိုယ်စားလှယ် ပြောကြား
https://news-eleven.com/article/64705,ထိန်းသိမ်းခံထားရသော တရုတ်လူ့အခွင့်အရေး ရှေ့နေ၏ဇနီး တရားခွင်သို့ သွားရောက်ခွင့် တားမြစ်ခံရ
https://news-eleven.com/article/64702,ထိန်းသိမ်းခံထားရသော တရုတ်လူ့အခွင့်အရေး ရှေ့နေ၏ဇနီး တရားခွင်သို့ သွားရောက်ခွင့် တားမြစ်ခံရ
https://news-eleven.com/article/64699,အင်ဒိုနီးရှားမှ မီးတောင်-ဆူနာမီကြောင့် သေဆုံးသူဦးရေ ၄၀၀ ကျော်လာ
https://news-eleven.com/article/64696,အော်တိုဝမ်ဘီယာ၏ မိဘများကို မြောက်ကိုရီးယားက လျော်ကြေးဒေါ်လာ ၅၀၁ သန်းပေးရန် အမေရိကန်တရားရုံးအမိန့်ချ
https://news-eleven.com/article/64693,အာဖဂန်တွင် အစိုးရရုံးဝင်းတစ်ခု စီးနင်းတိုက်ခိုက်ခံခဲ့ရရာ လူ ၄၃ ဦးထက်မနည်းသေဆုံး
https://news-eleven.com/article/64690,အမေရိကန်ထံမှ ဒုံးဝယ်ယူမှုသည် ရုရှားမှ S – 400 ဝယ်ယူမည့်အပေါ် သက်ရောက်မှုမရှိဟု တူရကီပြောကြား
https://news-eleven.com/article/64687,ချောင်းသာကမ်းခြေတွင် နှစ်သစ်ကူးပွဲတော်အမီ ညစျေးတစ်ခု စတင်ဖွင့်လှစ်သွားမည်
https://news-eleven.com/article/64684,ရွှေဘိုမြို့နယ် ဧရာဝတီမြစ်အတွင်းရှိ ကျွန်းတစ်ခုပေါ်တွင် အပန်းဖြေစခန်းတစ်ခု ပြုလုပ်သွားမည်ဟု တိုင်းဒေသကြီးလွှတ်တော်ကိုယ်စားလှယ် ပြောကြား
https://news-eleven.com/article/64681,ရတနာ ကမ်းလွန်သဘာဝဓာတ်ငွေ့ စီမံကိန်းလုပ်ငန်းတွင် ပြုပြင်ထိန်းသိမ်းရေး ပြုလုပ်ရန်အတွက် ဧရာဝတီတိုင်းအတွင်းရှိ မြို့နယ်များ၌ ငါးရက်ကြာ အချိန်ပိုင်းလျှပ်စစ်မီးဖြတ်တောက်မည်
https://news-eleven.com/article/64678,ဖရူဆိုမြို့နယ် အနောက်ဘက်ခြမ်းကျေးရွာအုပ်စုများတွင် လျှပ်စစ်မီးမရရှိသေးသည့်အပြင် ပညာရေး၊ ကျန်းမာရေးအခြေအနေများတွင်လည်း လိုအပ်ချက်များရှိနေဟု ဆို
https://news-eleven.com/article/64675,ပုဏ္ဏားကျွန်းမြို့နယ် တောင်နားကျေးရွာတွင် သုံးဘီးဆိုင်ကယ်တစ်စီးအား Toyota ကားတစ်စီးကဝင်တိုက်ရာ သုံးဘီးဆိုင်မောင်းသူ ပွဲချင်းပြီးသေဆုံး
https://news-eleven.com/article/64672,နေအိမ်ဖယ်ရှားခံရသူ အိမ်ရှင်များအား ဥပဒေနှင့့်အညီ ထိုက်သင့်သည့် ကုစားမှုမျိုးရရှိအောင် တင်ပြကူညီသွားမည်ဟု လူ့အခွင့်အရေးကော်မရှင်တာဝန်ရှိသူ ပြောကြား
https://news-eleven.com/article/64669,ကျိုက်မရောမြို့ ရှင်စောပုရပ်ကွက်ရှိ ကန်သာယာရေကန်မှရေမှာ သန့်ရှင်းမှုမရှိသည့်အတွက် ရေအသုံးပြုသူများ ယားနာများဖြစ်ပွားသည့်အပြင် သောက်သုံးရေအခက်အခဲအချို့ ဖြစ်ပေါ်
https://news-eleven.com/article/64663,ရခိုင်ပြည်နယ် မြေပုံမြို့နယ် ကြာအင်းတောင်ရွာတွင် ALD ပါတီ ဗဟိုကော်မတီဝင်တစ်ဦး နေအိမ်အတွင်း သေနတ်ဖြင့် ပစ်သတ်လုပ်ကြံခံရ
https://news-eleven.com/article/64666,မြန်မာယန်စီကုမ္ပဏီက ယင်းမာပင်၊ ဆားလင်းကြီး၊ ကနီမြို့နယ်တို့တွင် ကြေးနီနှင့်ဆက်စပ်သည့် သတ္တုရှာဖွေမည့် ကိစ္စအား ကန့်ကွက်ထားသည့် ဒေသခံများ၏ လက်မှတ်ပေးအပ်ပွဲ ယင်းမာပင်မြို့နယ် ၀ါးစိမ်းတောင်ခြေ၌ ပြုလုပ်
https://news-eleven.com/article/64660,Aquaman က Poppins ၊ Bumblebee တို့ကို ကျော်တက်ပြီး ဝင်ငွေအကောင်း ဆုံးရုပ်ရှင်ဖြစ်လာ
https://news-eleven.com/article/64657,အေစီမီလန်အသင်းနည်းပြ ဂတ်တူဆို၏အနာဂတ်ကို နှစ်ပွဲသာ စောင့်ကြည့်မည်
https://news-eleven.com/article/64654,သရုပ်ဆောင်ဒေါင်းနှင့် တွေ့ဆုံခြင်း
https://news-eleven.com/article/64651,မော်ရင်ဟိုကိုင်တွယ်စဉ် အက်ဒ်ဝုဒ်ဝက်ဒ်အပါအဝင် အသင်း၌ရှိသူအားလုံးမပျော်ရွှင်ခဲ့ဟု ရွန်နီ ဖွင့်ဟ
https://news-eleven.com/article/64648,၂၀၁၈ ရာသီအတွက် MFF & MNL အကောင်းဆုံးဆုချီးမြှင့်ပွဲ ဒီဇင်ဘာ (၂၇)ရက် ကျင်းပမည်
https://news-eleven.com/article/64645,မစ်ခီတာရီယန် (၆)ပတ်ခန့် နားရမည်ဟု အာဆင်နယ် အတည်ပြု
https://news-eleven.com/article/64642,New Balance နှင့် တစ်နှစ်ပေါင်(၇၅)သန်း တန်ကြေးရှိသည့် ဝတ်စုံစပွန်ဆာ စာချုပ်သစ်ချုပ်ဆိုရန် လီဗာပူးလ်အသင်း  စီစဉ်နေ
https://news-eleven.com/article/64636,စပါးအသင်းသည် ချန်ပီယံဆုကို သေချာပေါက်စိန်ခေါ် နိုင်ပြီး ဆုဖလားရယူနိုင်ရန် လိုအပ်နေပြီဟု ဆောင်းနက်စ် သုံးသပ်
https://news-eleven.com/article/64633,လက်စတာအားရှုံးနိမ့်ပြီးနောက် ချယ်လ်ဆီးအသင်းတွင်  အားကစားစိတ်ပညာရှင်လိုအပ်နေသည်ဟု ဆာရီပြောကြား   
https://news-eleven.com/article/64615,ဒေါက်တာစိုးသူရဇော်အပေါ် စွဲချက်တင်ခြင်းနှင့်ပတ်သက်၍ ဆေးနှင့်နှီးနွယ်တက္ကသိုလ်များမှ သဘောထားကြေငြာချက် ထုတ်ပြန်
https://news-eleven.com/article/64612,သံချပ်ကာယာဉ်များ တင်ဆောင်နိုင်သည့် ၂၉ မီတာ ကမ်းထိုးရေယာဉ်များအပါအဝင် ရေယာဉ်ခုနစ်စင်း တပ်တော်ဝင်အခမ်းအနားပြုလုပ်ခဲ့ပြီး တပ်မတော်(ရေ)အား ဒေသတွင်း Blue Water Navy အဆင့်ရောက်အောင် ဆောင်ရွက်ရမည်ဖြစ်ကြောင်း ကာကွယ်ရေးဦးစီးချုပ် ပြောကြား
https://news-eleven.com/article/64609,မိမိကိုယ်ကိုယ် မတရားခံရသူအဖြစ် လုပ်ဇာတ်ခင်းခြင်း
https://news-eleven.com/article/64606,မြိတ်ကျွန်းစုအတွင်းဖြစ်ပွားခဲ့သော ခရီးသည်တင် စပိဘုတ်တိမ်းမှောက်မှုဖြစ်စဉ်အား အရေးယူမှုများပြုလုပ်ထားပြီး ခရီးသည်များ၏ယုံကြည်မှုကို ပြန်လည်တည်ဆောက်သွားမည်ဟုဆို
https://news-eleven.com/article/64603,မကွေးတိုုင်းဒေသကြီးအတွင်း မြေပဲ၊ ပဲတီစိမ်းနှင့်ပဲစင်းငုံများ ယခင်နှစ်ကထက် စျေးမြင့်ခဲ့သော်လည်း ထွက်နှုန်းလျော့ကျမှုနှင့် စိုုက်ပျိုးသူနည်းပါးမှုများကြောင့် တောင်သူအများစုုအရှုံးပေါ်ခဲ့
https://news-eleven.com/article/64600,ဟင်္သာတတက္ကသိုလ်အနီး ချစ်သူလမ်းကြား၌ ဖြစ်ပွားခဲ့သည့် လူသတ်အလောင်းဖျောက်မှု နှစ်နှစ်ခွဲကျော်ကြာသည်အထိ အမိန့်ချမှတ်နိုင်ခြင်းမရှိသေး
https://news-eleven.com/article/64597,ဟားခါး-ဂန့်ဂေါလမ်း လမ်သုတ်ကျေးရွာအနီးတွင် ကားတစ်စီးအရှိန်လွန်၍ ချောက်ထဲထိုးကျပြီး ငါးဦးသေဆုံး
https://news-eleven.com/article/64594,စစ်ကိုင်းတိုင်းဒေသကြီး ခရီးသွားလုပ်ငန်းမြှင့်တင်ရေး ရက်သတ္တပတ်အစီအစဉ် စတင်
https://news-eleven.com/article/64591,ထိုင်းတွင် ပျောက်ဆုံးနေသည့် အသက်နှစ်နှစ်အရွယ် မြန်မာကလေးငယ် တစ်ဦးအား ဆင်များသုံး၍ ရှာဖွေနေ
https://news-eleven.com/article/64588,မြောင်းမြတံတား ရေလယ်သံပေါင်တပ်ဆင်မှုလုပ်ငန်းများ အပြီးသတ်လုပ်ဆောင်
https://news-eleven.com/article/64585,ကမ္ဘာ့အမွေအနှစ် နယ်မြေသတ်မှတ်ရန် လုပ်ဆောင်နေသည့် ခါကာဘိုရာဇီ အမျိုးသားဥယျာဉ်နှင့်ပတ်သက်ပြီး ဒေသခံများက ကန့်ကွက်ဆန္ဒထုတ်ဖော်မှုများ ဆက်တိုက်ပြုလုပ်လာ
https://news-eleven.com/article/64582,ဆူဒန်တွင် ပေါင်မုန့်စျေးနှုန်းမြင့်တက်မှုကို ဆန္ဒပြမှု ငါးရက်မြောက်အထိ ရှိလာပြီး လူရှစ်ဦးထက်မနည်း သေဆုံး
https://news-eleven.com/article/64579,ထိုင်းရောက် မြန်မာရွှေ့ပြောင်းအလုပ်သမားများ ထိုင်းရဲများက ATM စက်ပမာ သဘောထားခံနေရကြောင်း JACBA ဥက္ကဋ္ဌဦးမိုးကြိုး ပြောကြား
https://news-eleven.com/article/64576,၂၀၁၈ ခုနှစ် အတွင်း တစ်နိုင်ငံလုံးတွင် သစ္စာစီမံချက်ဖြင့် နိုင်ငံသားစိစစ်ရေးကတ် ၁ ဒသမ ၄ သန်းကျော် ထုတ်ပေးခဲ့
https://news-eleven.com/article/64573,တိုက်ပွဲများရပ်စဲပေးရန်နှင့် တရားလွှတ်တော်တွင် အမှုမကြန့်ကြာစေရေးလုပ်ဆောင်သင့်ကြောင်း ဒေါက်တာအေးမောင် တောင်းဆို
https://news-eleven.com/article/64570,လူမှုကွန်ရက်စာမျက်နှာပေါ်တွင် ဇီးပင်ကြီးစစ်တမ်းအမည်ဖြင့် ရေးသားခဲ့သည့် ဒေါက်တာစိုးသူရဇော်အား အရေးယူမည်မဟုတ်ဘဲ ခုံရုံးဖွဲ့ စစ်ဆေးခဲ့ခြင်းအပေါ်တာဝန်ရှိသူများကို ခေါ်ယူမေးမြန်းနေကြောင်း ပြည်ထောင်စုဝန်ကြီးပြောကြား
https://news-eleven.com/article/64567,အန္တရာယ်ရှိ ကြိုးတံတားတစ်စင်းဖြစ်သည့် လပွတ္တာပင်လယ်လေးကြိုးတံတား စတင်ဖျက်သိမ်းနေစဉ် ဇက်ရေယာဉ်ကူးခများ ကြီးမြင့်မှုကြောင့် ခရီးသွားပြည်သူများ အခက်အခဲတွေ့ကြုံနေရ
https://news-eleven.com/article/64564,ရှမ်းပြည်နယ်တွင် သတင်းရယူပိုင်ခွင့် အခက်အခဲများစွာရှိနေကြောင်း သတင်းမီဒီယာအဖွဲ့များ ပြောကြား
https://news-eleven.com/article/64561,ငွေစက္ကူအတုကို ဥပဒေနှင့်အညီအပ်နှံမှုမရှိဘဲ သုံးစွဲခြင်းမှာ နိုင်ငံအပေါ် ယုံကြည်မှုလျော့ကျစေကြောင်း ဗဟိုဘဏ်ဒုတိယဥက္ကဋ္ဌ ပြောကြား
https://news-eleven.com/article/64558,ငွေစက္ကူအတုကို ဥပဒေနှင့်အညီအပ်နှံမှုမရှိဘဲ သုံးစွဲခြင်းမှာ နိုင်ငံအပေါ် ယုံကြည်မှုလျော့ကျစေကြောင်း ဗဟိုဘဏ်ဒုတိယဥက္ကဋ္ဌ ပြောကြား
https://news-eleven.com/article/64555,ဗဟိုဘဏ်ကထုတ်ဝေထားသည့် ငွေစက္ကူအစစ်အပေါ်တွင်သာ တာဝန်ရှိပြီး ထုတ်ဝေထားခြင်းမရှိသည့် ငွေစက္ကူအတုများအပေါ် တာဝန်ယူ၍မရကြောင်း ဗဟိုဘဏ်တာဝန်ရှိသူ ပြောကြား
https://news-eleven.com/article/64552,ရန်ကုန်မြို့နေရာအနှံ့အပြားတွင် နည်းစနစ်မကျသော မြို့ပြဖွံ့ဖြိုးတိုးတက်မှုအသွင်သဏ္ဌာန်များ တွေ့မြင်နေရပြီး အစီအစဉ်မကျသော အခြေချနေထိုင်မှုပုံစံများ ပေါ်ပေါက်နေကြောင်း အစီရင်ခံစာတစ်ခုတွင် ဖော်ပြထား
https://news-eleven.com/article/64549,ကချင်ပြည်နယ်အတွင်း တရားမဝင်သစ်ခိုးထုတ်နေသည့်လုပ်ငန်းများအား ဖမ်းဆီးအရေးယူရန်မှာ လုံခြုံရေးအခြေအနေအရ တပ်မတော်၏လုံခြုံရေး လုံလောက်စွာရရှိသည့်အချိန်တွင် ဆောင်ရွက်နိုင်မည်ဟု ဒုတိယဝန်ကြီး လွှတ်တော်၌ ပြောကြား
https://news-eleven.com/article/64546,ဒေသခံတိုင်းရင်းသားများ၏ ဘေးဒုက္ခကိုစာနာပြီး ပစ်ခတ်တိုက်ခိုက်မှုရပ်စဲရေးကြေညာချက်အား နှစ်သစ်ကူးလက်ဆောင်အဖြစ် ထုတ်ပြန်ခဲ့ခြင်းဖြစ်ဟု တပ်မတော်ကာကွယ်ရေးဦးစီးချုပ် ပြောကြား
https://news-eleven.com/article/64543,လက်နက်ကိုင် ပဋိပက္ခချုပ်ငြိမ်းရေးနှင့် နိုင်ငံရေးဆွေးနွေးမှုလမ်းကြောင်း ချောမွေ့စေရေးအတွက် အစိုးရနှင့် တပ်မတော်က တစ်နိုင်ငံလုံးအပစ်အခတ်ရပ်စဲရေး ထုတ်ပြန်ရန် NCA တောင်းဆို
https://news-eleven.com/article/64540,ဘာစီလိုနာ၌ ခရစ္စမတ်ကာလအတွင်း တိုက်ခိုက်မှု ဖြစ်နိုင်သည်ဟု အမေရိကန် သတိပေး
https://news-eleven.com/article/64537,ပါကစ္စတန် ဝန်ကြီးချုပ်ဟောင်း ရှရစ် ခြစားမှုဖြင့် ထောင်ဒဏ်ခုနစ်နှစ် ချမှတ်ခံရ
https://news-eleven.com/article/64534,တရုတ်က ပြည်ပရင်းနှီးမြှုပ်နှံမှု ဥပဒေသစ် ပြဋ္ဌာန်းရန် စဉ်းစားနေဟု အစိုးရ မီဒီယာထုတ်ပြန်
https://news-eleven.com/article/64531,အင်ဒိုနီးရှား ဆူနာမီကြောင့် သေဆုံးသူ ၂၈၀ ကျော်လာစဉ် အသက်ရှင် ကျန်ရစ်သူများကို ဆက်လက်ရှာဖွေ
https://news-eleven.com/article/64528,ထောင်ဒဏ် ခုနစ်နှစ် ချမှတ်ခံထားရသော ရိုက်တာသတင်းထောက် ကိုဝလုံးနှင့် ကိုကျော်စိုးဦးတို့နှစ်ဦး အယူခံမှု ရန်ကုန်တိုင်းဒေသကြီး တရားလွှတ်တော်တွင် နှစ်ဖက်ကြားနာ
https://news-eleven.com/article/64525,ဆီးရီးယား၌ ကျန်ရှိနေသည့် IS တစ်ဦးမကျန်ကို ရှင်းလင်းမည်ဟု အာဒိုဂန်က ထရန့်ကို ပြောကြားခဲ့
https://news-eleven.com/article/64522,သရုပ်ဆောင်အောင်ရဲထွေး သေဆုံးမှုမှ စွပ်စွဲခံထားရသူ သုံးဦးအား လာမည့် ဇန်နဝါရီ ၇ ရက်တွင် စွဲချက်တင်သင့်၊ မတင်သင့် အမိန့်ချမှတ်မည်
https://news-eleven.com/article/64519,ရန်ကုန်လေဆိပ်သို့ ဝင်ရောက်သည့် ခရီးသည်ခြောက်သန်း ပြည့်မည်ဖြစ်ပြီး လာမည့်နှစ်များအတွင်း ယခုထက် ပိုမိုတိုးတက်လာမည့် ခရီးသည်ပမာဏအား လက်ခံဆောင်ရွက်နိုင်ရန် အဆင့်မြှင့်တင်ထားကြောင်း သိရ
https://news-eleven.com/article/64516,လူတိုင်းက လီဗာပူးလ်နှင့် မန်စီးတီးအကြောင်းသာ ပြောနေသော်လည်း  ပရီးမီးယားလိဂ်ချန်ပီယံဆုကို မိမိတို့လည်း ရယူနိုင်စွမ်းရှိသည်ဟု ဟာရီကိန်း ဆို
https://news-eleven.com/article/64513,ဆီးရီးယားမှ အမေရိကန်တပ်များ ရုပ်သိမ်းခြင်း၏ ဂယက်များ
https://news-eleven.com/article/64507,ငွေကြေးကိစ္စ စကားများခဲ့သည်ကို မကျေနပ်၍ အမျိုးသမီးတစ်ဦးအား ဓားဖြင့် အချက်ပေါင်းများစွာ ထိုးသတ်မှု ဝေါမြို့နယ်တွင် ဖြစ်ပွား
https://news-eleven.com/article/64510,ဇီဒန်းသည် မန်ယူနည်းပြရာထူးအတွက် အသင့်တော်ဆုံးဖြစ်သည်ဟု ဆာဟာ ပြောကြား
https://news-eleven.com/article/64504,ပျူလူမျိုးများ၏ အဆက်အနွှယ်ဖြစ်သော တောင်သားလူမျိုးများသည် စာပေဖော်ထုတ်နိုင်ရန် အဓိက လုပ်ဆောင်နေပြီး တိုင်းရင်းသားလူမျိုး စာရင်းကုတ်နံပါတ် ရရှိရန်လိုအပ်
https://news-eleven.com/article/64501,အဓိကကစားသမားများ ဒဏ်ရာပြဿနာနှင့် ထပ်မံရင်ဆိုင်ရပါက ဇန်နဝါရီအပြောင်းအရွှေ့တွင် လှုပ်ရှားသွားဖွယ်ရှိဟု ကလော့ပ် ဆို
https://news-eleven.com/article/64480,အက်သလက်တီကိုနည်းပြ ဆီမြွန်နီ (၁-၀)ဂိုးဖြင့် အနိုင်ရသည့် လာလီဂါပွဲ(၅၀)ပြည့်မြောက်
https://news-eleven.com/article/64468,ရာသီဥတု ပြောင်းလဲမှု တိုက်ဖျက်ရေးအတွက် လီယိုနာဒိုဒီကာပရီယို ဖောင်ဒေးရှင်းက နှစ် ၂၀ အတွင်း ဒေါ်လာ သန်း ၁ဝဝကျော် လှူဒါန်းခဲ့
https://news-eleven.com/article/64465,၂၀၁၈ ခုနှစ်အတွင်း စင်ကာပူနိုင်ငံတွင် မြန်မာရုပ်ရှင်ဇာတ်ကားများ သွားရောက်ပြသနိုင်ခဲ့ပြီး စျေးကွက်လမ်းကြောင်းသစ်တစ်ခုအဖြစ် ချဲ့ထွင်နိုင်ခဲ့
https://news-eleven.com/article/64459,မြန်မာ ယူ-၂၂ အသင်း ကာတာခြေစမ်းခရီးစဉ်အတွက် ဒီဇင်ဘာ ၂၆ ရက်တွင် စတင်လေ့ကျင့်မည်
https://news-eleven.com/article/64456,ဇန်နဝါရီတွင် ဟီဂွါအင်နှင့် မိုရာတာ အလဲအထပ်ဖြစ်ဖွယ်ရှိဟု အီတလီသတင်းစာ ဖော်ပြ
https://news-eleven.com/article/64453,အိမ်ကွင်း၌ ရှုံးနိမ့်ပြီး လီဗာပူးလ်နှင့်အမှတ်ကွာသွားသော်လည်း ဂွါဒီယိုလာ အပြစ်မတင်
https://news-eleven.com/article/64450,အောင်လအန်ဆန် လာမည့်နှစ်တွင် လိုက်ဟဲဗီးဝိတ်တန်းကမ္ဘာ့ချန်ပီယံကာကွယ်ပွဲ ထိုးသတ်ရမည်
https://news-eleven.com/article/64444,မြိတ်ကျွန်းစုအတွင်းရှိ ကျွန်းများသို့ အလည်အပတ်ပို့ဆောင်ပေးသည့် စပိဘုတ်တစ်စင်း တိမ်းမှောက်မှုဖြစ်ပွားကာ အမျိုးသမီး နှစ်ဦး သေဆုံးခဲ့ကြောင်း သိရ
https://news-eleven.com/article/64441,ဂူဒီဆင်ပါ့ခ်မှာ ဂိုးဒါဇင်ဝက်သွင်းခဲ့ပြီး လန်ဒန်မြို့ခံပြိုင်ဘက်တွေကို (၅) မှတ်ဖြတ်ခဲ့တဲ့ စပါး
https://news-eleven.com/article/64447,လာလီဂါမှာ နိုင်ပွဲပြန်တွေ့ခဲ့တဲ့ ဗလင်စီယာ
https://news-eleven.com/article/64438,မန်ယူအသင်းတွင် ဘောလုံးဒါရိုက်တာရာထူးကိုရယူပြီး ဖာဂူဆန်၏စိတ်ဓာတ်ကိုပြန်လည်ရိုက်သွင်းပေးလိုသည်ဟု ပီတာရှမိုက်ကယ် ဖွင့်ဟ
https://news-eleven.com/article/64435,သတင်းတိုများ စုစည်းဖော်ပြမှု
https://news-eleven.com/article/64432,တပ်မတော် ထုတ်ပြန်ချက်အပေါ်  တိုင်းရင်းသားတွေ ဘယ်လိုမြင်ကြလဲ 
https://news-eleven.com/article/64429,ဦးဆောင်ဂိုးရရှိပြီးမှ အမှတ်ပြန်လျော့သည့်အမှားကို မိမိအသင်းသားများ သင်ခန်းစာမယူနိုင်ကြောင်း အင်တာမီလန်နည်းပြ စပယ်လက်တီ ပြစ်တင်
https://news-eleven.com/article/64426,ဥပဒေရဲ့ တရားမျှတမှုကို ပြည်သူ့အတွက် ဘယ်လိုရှာဖွေမလဲ
https://news-eleven.com/article/64420,သယ်ယူပို့ဆောင်ရေး အခြေခံအဆောက်အအုံနှင့် ဝန်ဆောင်မှုလုပ်ငန်းများ မစတင်မီ မြို့ကြီးများ၏ အစွန်အဖျားတွင် မြို့သစ်တိုးချဲ့ခြင်းကြောင့် မြို့ပြအတွင်း ဆက်သွယ်သွားလာမှု အခက်ကြုံရပြီး နောင်တွင် အရည်အသွေးမြင့် အခြေခံ အဆောက်အအုံများနှင့် အစားထိုးဖြည့်ဆည်းပေးမည် ဆိုပါက ပြုပြင်ပြောင်းလဲပေးရန် ခက်ခဲလိမ့်မည်ဟုဆို
https://news-eleven.com/article/64423,ဘဏ္ဍာရေးစောင့်ကြည့်ကာလ တိုးမြှင့်ပေးရန် အေစီမီလန်အသင်း အယူခံဝင်
https://news-eleven.com/article/64417,ရခိုင်ပြည်နယ်မြောက်ပိုင်း ယိုးချောင်းအထက်ပိုင်းက အပြေးအလွှားမြေစာပင်များ
https://news-eleven.com/article/64414,နယ်ခြားစောင့်ရဲတပ်ဖွဲ့ဝင်များကို စိစစ်ဆဲအဖွဲ့က ချောင်းမြောင်းပစ်ခတ်တိုက်ခိုက်စဉ် ပျောက်ဆုံးခဲ့သည့် ရဲတပ်သားတစ်ဦးအား သေနတ်ထိမှန် ဒဏ်ရာများဖြင့် သေဆုံးလျက် ဘင်္ဂလားဒေ့ရှ်နိုင်ငံဘက်တွင် တွေ့ရှိ
https://news-eleven.com/article/64411,စတုတ္ထတန်းဖတ်စာတွင် လူမျိုးဘာသာခွဲခြားသည့် ပြဋ္ဌာန်းစာများပါဝင်နေသည်ဟု ဝေဖန်မှုများ ထွက်ပေါ်နေခြင်းနှင့်စပ်လျဉ်းပြီး  မိမိတို့မူဝါဒမှာ မည်သည့်ခွဲခြားမှုမျှမရှိကြောင်း ပညာရေးဝန်ကြီးဌာန ပြည်ထောင်စုဝန်ကြီး ပြောကြား
https://news-eleven.com/article/64408,ကောင်းကင်ပေါ်မှပြုတ်ကျလာသည့် လေယာဉ်ကိုယ်ထည်ဟု လတ်တလောယူဆထားကြသော အစိတ်အပိုင်းနှင့်ဆက်စပ်သည့် အစိတ်အပိုင်းငယ်တစ်ခု ခန္တီးမြို့တွင် ထပ်မံတွေ့ရှိ
https://news-eleven.com/article/64405,သံတွဲမြို့နယ် ငပလီမြို့တွင် ဆိုင်ကယ်ဖိုးငွေလာပေးရန် ဖုန်းဆက်ခေါ်ရာမှ ဓားထိုးမှုဖြစ်ပွားပြီး တစ်ဦးသေဆုံး
https://news-eleven.com/article/64402,၂၀၁၉-၂၀၂၀ ပြည့်နှစ်မှစ၍ ကျွန်းနှင့်သစ်မာ ထုတ်လုပ်ခြင်းကို လျှော့ချရန် ဆောင်ရွက်ထားကြောင်း ပြည်ထောင်စုဝန်ကြီး ပြောကြား
https://news-eleven.com/article/64399,တိုက်ပွဲကြောင့် ကျောက်တော်မြို့နယ် ယိုးချောင်းအထက်ပိုင်းကျေးရွာများမှ  နှစ်ရက်အတွင်း ဒေသခံကျေးရွာသားများ ထောင်နှင့်ချီ၍ ကန်စောက်ကျေးရွာနှင့်တောင်မင်းကျေးရွာသို့ခိုလှုံရောက်ရှိလာပြီး စားနပ်ရိက္ခာအရေးပေါ်လို အပ်လျက်ရှိ
https://news-eleven.com/article/64396,တက္ကသိုလ်တွေကို မြို့ပြင်ထုတ်၊ ကျောင်းအဆောင်နဲ့ လုံခြုံရေးမပေးနိုင်မှုကြောင့် ကြွေလွင့်ခဲ့တဲ့ ကြယ်တစ်ပွင့်
https://news-eleven.com/article/64393,အပစ်ရပ်နယ်မြေ မသတ်မှတ်နိုင်ခြင်းနှင့် ထိန်းချုပ်နယ်မြေမသတ်မှတ်နိုင်သေးခြင်းတို့သည် ငြိမ်းချမ်းရေးလုပ်ငန်းစဉ်၏ အဓိကစိန်ခေါ်မှုများဖြစ်ကြောင်း JMC - U အတွင်းရေးမှူး (၁) ပြောကြား
https://news-eleven.com/article/64390,မြန်မာ့စီးပွားရေးအောင်မြင်မှုကို မြင်တွေ့လိုကြောင်းနှင့် နိုင်ငံဖွံ့ဖြိုးတိုးတက်ရေး ပ့ံပိုးကူညီသွားမည်ဖြစ်ကြောင်း ဥရောပကော်မရှင်မှ GSP ဆိုင်ရာ  တာဝန်ရှိပုဂ္ဂိုလ်များ ပြောကြားခဲ့ပြီး GSP/EBA ဆက်လက်ခံစားခွင့်ပြုမှသာ ဖွံ့ဖြိုးတိုးတက်လာမည်ဟု UMFCCI တု့ံပြန်
https://news-eleven.com/article/64387,မြန်မာကျပ်ငွေ တစ်သောင်းတန်အပေါ်  ပြည်သူတွေ ယုံကြည်မှုကျဆင်းနေပြီလား
https://news-eleven.com/article/64384,ဝေးလံခက်ခဲပြီး ဖွံ့ဖြိုးတိုးတက်မှု နောက်ကျနေသော ကျေးလက်ဒေသများတွင်နေထိုင်သည့် တိုင်းရင်းသားများဘဝ တိုးတက်မြင့်မားလာစေရန်အတွက် စီမံချက်ချဆောင်ရွက်ပေးရန်အဆို ပြည်သူ့လွှတ်တော်အတည်ပြု
https://news-eleven.com/article/64381,ဂျပန်ဧကရာဇ်က နန်းမစွန့်မီ ၎င်း၏ ငြိမ်းချမ်းသော အုပ်ချုပ်မှုနှင့်ပတ်သက်၍ အလေးပေးပြောကြား
https://news-eleven.com/article/64378,အင်ဒိုနီးရှားတွင် မီးတောင်ပေါက်ကွဲပြီးနောက် ဆူနာမီဖြစ်ပေါ်ခဲ့ရာ လူ ၂၂၂ ဦးထက်မနည်း သေဆုံး
https://news-eleven.com/article/64375,ရန်ကုန်တိုင်းဒေသကြီးအတွင်းရှိ မသန်စွမ်းများ၊ ၈၅ နှစ်အထက် ဘိုးဘွားများနှင့် သဘာဝဘေးကြောင့် ပျက်စီးသွားသော မိုးစပါးများအတွက် ကျပ်သန်း ၁၂၀၀ ကျော် အစိုးရက ထောက်ပံ့
https://news-eleven.com/article/64372,ယခုကာလသည် အိမ်နီးချင်းနိုင်ငံများသို့ ဆေးဝါးကုသရန် သွားရောက်သူများလာပြီး မိမိတို့နိုင်ငံ၏ ကျန်းမာရေးစောင့်ရှောက်မှုအပေါ် အားမလိုအားမရမှုများ တွေ့မြင်နေရကြောင်း ရန်ကုန်တိုင်းဒေသကြီး လူမှုရေးဝန်ကြီး ပြောကြား
https://news-eleven.com/article/64369,ခေတ်စနစ်တစ်ခု ပြောင်းလဲရေးအတွက် ဆောင်ရွက်ခဲ့သောဖြစ်စဉ်တွင် ပါဝင်အနစ်နာခံခဲ့သူများကို အသိအမှတ်ပြုခြင်းသည် အမျိုးသားပြန်လည်သင့်မြတ်ရေးအတွက် အရေးအကြီးဆုံးအစိတ်အပိုင်းဖြစ်ကြောင်း ပြည်သူ့ပါတီဥက္ကဋ္ဌ ပြောကြား
https://news-eleven.com/article/64366,ခရစ္စမတ်မှာတောင် မချီးယားနိုင်တော့တဲ့ ဇင်ဘာဘွေရဲ့ စီးပွားရေးအကျပ်အတည်း
https://news-eleven.com/article/64363,ဖိလစ်ပိုင်လွှတ်တော်အမတ်တစ်ဦး ခရစ္စမတ်ပွဲအတွင်း သေနတ်ဖြင့် ပစ်သတ်ခံရ
https://news-eleven.com/article/64360,ခရစ္စမတ်မတိုင်မီ ပြင်သစ်တွင် Yellow Vest ဆန္ဒပြမှုများ နယ်စပ်သို့ ပျံ့နှံ့
https://news-eleven.com/article/64357,ဂက်စ်ဖိုးကြွေးကျန် ကျပ်ရှစ်ဘီလျံကျော်နှင့် GGS
https://news-eleven.com/article/64354,စီရော်နယ်လ်ဒို၏ အခွန်ရှောင်တိမ်းမှုစွဲချက်ကို ဇန်နဝါရီ ၂၁ ရက် စစ်ဆေးမည်
https://news-eleven.com/article/64351,မူရယ်လိုကို အငှားဖြင့်ခေါ်ယူပြီးနောက် ဆယ်စုနှစ်တစ်ခုအတွင်းဗလင်စီယာအသင်းသို့ ဘာစီလိုနာပေးချေခဲ့ရသည့်ပမာဏ ယူရို ၁၄၄ သန်းရှိလာ
https://news-eleven.com/article/64348,ဟော်ဖန်ဟင်မ်နှင့်ပွဲမတိုင်မီဒရုန်းလေယာဉ်ဖြင့်ဝါဒါဘရီမင် ထောက်လှမ်း
https://news-eleven.com/article/64345,ယခုရာသီ ပရီးမီးယားလိဂ်ချန်ပီယံဆုရယူလိုပါက (၁၀၅) မှတ်အထိရရှိရန်လိုအပ်ကြောင်း လီဗာပူးလ်အသင်းနည်းပြ ယာဂန်ကလော့ပ် သုံးသပ်
https://news-eleven.com/article/64342,ဖယ်ကီယာအား လာမည့်ဇန်နဝါရီတွင် ခေါ်ယူရန် ချယ်လ်ဆီးအသင်းစီစဉ်နေ
https://news-eleven.com/article/64339,ကုန်ကြမ်းရှားပါးမှုကြောင့် စစ်ကိုင်းအိုးလုပ်ငန်း ထက်ဝက်ခန့် ရပ်နားနေရ
https://news-eleven.com/article/64336,ဆိုရှယ်လစ်တော်လှန်ရေး အနှစ် ၂၀ အလွန် ချားဗတ်ဇ်၏ မွေးရပ်မြေ၌ တိုးတက်မှုဆိတ်သုဉ်းနေ
https://news-eleven.com/article/64333,ဂျာမနီတွင် ဆရာဝန်တို့ စွန့်ခွာသွားသောရွာများသို့ ရောက်ရှိလာသည့် ဆေးဘတ်စ်ကား
https://news-eleven.com/article/64330,ကမ္ဘာ့နိုင်ငံများတွင် သွေးလွန်တုပ်ကွေးဖြစ်ပွားမှု သိသာစွာ မြင့်တက်လာကာ မြန်မာနိုင်ငံ၌ ယခုနှစ် ဇန်နဝါရီမှ နိုဝင်ဘာလအထိ ဖြစ်ပွားသူ ၂၂၀၀၀ ကျော်ရှိပြီး သေဆုံးသူ ၁၀၀ ကျော်ရှိခဲ့
https://news-eleven.com/article/64327,မူူးယစ်ခေါင်းဆောင် အယ်လ်ခပိုဂူဇမန်နှင့် ရှောင်ပင်းတွေ့ဆုံမှုကို စီစဉ်ပေးခဲ့သည့် အမျိုးသမီးသရုပ်ဆောင်က မက္ကဆီကိုအာဏာပိုင်များကို တရားစွဲ
https://news-eleven.com/article/64321,ဘွန်ဒစ်လီဂါပွဲစဉ်(၁၇) ပွဲကြိုသုံးသပ်ချက်
https://news-eleven.com/article/64315,စပိန်လာလီဂါပွဲစဉ်(၁၇) ပွဲကြိုသုံးသပ်ချက်
https://news-eleven.com/article/64312,ပရီးမီးယားလိဂ်ပွဲစဉ်(၁၈) ပွဲကြိုသုံးသပ်ချက်
https://news-eleven.com/article/64309,ငယ်ဘဝဆင်းရဲမှုများက နာမည်ကျော်ဘောလုံးသမားတစ်ဦးဖြစ်လာရန် တွန်းအားဖြစ်ခဲ့ကြောင်း နေမာ ဖွင့်ဟ
https://news-eleven.com/article/64306,ကာဒစ်ဖ်နှင့်ပွဲအပြီးတွင် မော်ရင်ဟိုအား ပေါ့ဘာ ကျေးဇူးတင်စကားဆို
https://news-eleven.com/article/64303,ပေါ်တူဂီတွင် မွေးရပ်မြေကလပ်၏ ပွဲစဉ်ကို မန်ယူအသင်းနည်းပြဟောင်း မော်ရင်ဟို သွားရောက်အားပေး
https://news-eleven.com/article/64300,ယခုမှအစသာရှိသေးပြီး မန်ယူအသင်းပိုကောင်းလာဦးမည်ဟု ရပ်ရှ်ဖို့ဒ် ပြောကြား
https://news-eleven.com/article/64297,ဂိုးပြတ်နိုင်ပွဲအတွက် ကစားသမားများကို မန်ယူအသင်းယာယီနည်းပြ ဆိုးလ်ရှား ချီးကျူး
https://news-eleven.com/article/64294,ကာဒစ်ဖ်အသင်းအား (၅-၁)ဂိုးဖြင့် အနိုင်ရပြီးနောက် ဆိုးလ်ရှားကို မန်ယူတိုက်စစ်မှူးဟောင်း ရွန်နီ ချီးကျူး
https://news-eleven.com/article/64291,ဂန္ထဝင်နည်းပြ ဖာဂူဆန်နောက်ပိုင်း ပရီးမီးယားလိဂ်မှာ ပထမဆုံးအကြိမ် (၅)ဂိုးသွင်းပြီး အဖွင့်လှသွားခဲ့တဲ့ ဆိုးလ်ရှား
https://news-eleven.com/article/64288,ချောင်းသာကမ်းခြေတွင် လာရောက်လည်ပတ်နေသူ Electronic ပညာရှင်တစ်ဦးက တစ်သောင်းတန်ငွေစက္ကူအတုများ ပြုလုပ်သုံးစွဲနေသည်ကို ဖော်ထုတ်ဖမ်းဆီးရမိ
https://news-eleven.com/article/64285,ကလပ်ကမ္ဘာ့ဖလားချန်ပီယံဆုကို (၄) ကြိမ်မြောက်ရယူပြီး ပြိုင်ပွဲရဲ့အအောင်မြင်ဆုံးဖြစ်လာတဲ့  ရီးယဲလ်မက်ဒရစ်
https://news-eleven.com/article/64282,ပရီးမီးယားလိဂ်ချန်ပီယံဆုအတွက် များစွာကြိုးစားရဦးမည်ဟု ဗန်ဒိုက်ပြောကြား
https://news-eleven.com/article/64279,ရန်ကုန်-မန္တလေး အမြန်လမ်း တည်ဆောက်ပြီးသည်မှာ ၁၀ နှစ်ကျော်ပြီ ဖြစ်သော်လည်း ယနေ့အထိ လမ်းအင်္ဂါရပ်များသည် နိုင်ငံတကာစံနှုန်းများနှင့် ကိုက်ညီမှု မရှိသေးသည်ကို ကြည့်ပါက နိုင်ငံတွင်း အခြားလမ်းများကို သတ်မှတ်နှစ်အတွင်း အကောင်အထည်ဖော် ဆောင်ရွက်ရန် ကြီးမားသော စိန်ခေါ်မှုများ ရှိနေကြောင်း လွှတ်တော်ကိုယ်စားလှယ် ထောက်ပြ
https://news-eleven.com/article/64276,လက်နက်ကြီးပစ်ခတ်သံများ ထပ်မံကြားနေရသဖြင့် ကျောက်တော်ကြီးမြို့နယ် ယိုးချောင်းအထက်ပိုင်း ကျွန်းသာယာ ကျေးရွာသားများ ထပ်မံထွက်ပြေးလာကြပြီး ကန်စောက်ကျေးရွာတွင် စစ်ဘေးရှောင် သုံးရာနီးပါးရှိလာ
https://news-eleven.com/article/64273,၂၀၁၂ ခုနှစ် လယ်ယာမြေနှင့် မြေလွတ်မြေရိုင်းဥပဒေ အပြီးတိုင်ဖျက်သိမ်းရေး ဆောင်ရွက်မည့်အချက် အပါအဝင် ဆုံးဖြတ်ချက် ခုနစ်ချက်အား နိုင်ငံလုံးဆိုင်ရာ တောင်သူလယ်သမား သမဂ္ဂများ ညီလာခံတွင် ထုတ်ပြန်
https://news-eleven.com/article/64270,ဒီရာသီ ပရီမီးယားလိဂ် ပထမဆုံးအိမ်ကွင်းရှုံးပွဲ ကြုံတွေ့ခဲ့တဲ့ မန်စီးတီးနဲ့ ချယ်လ်ဆီး
https://news-eleven.com/article/64264,ဂက်စ်ဖိုး ကျပ်ရှစ်ဘီလျံကျော် ပေးသွင်းရမည့် GGS ကုမ္ပဏီကို လျှပ်စစ်နှင့်စွမ်းအင် ဝန်ကြီးဌာနက ရွေးချယ်ခဲ့ခြင်း မဟုတ်ဘဲ တိုင်းဒေသကြီး အစိုးရက အလတ်စားနှင့် အသေးစား လျှပ်စစ်ဓာတ်အား ထုတ်လုပ်ခြင်းနှင့် ဖြန့်ဖြူးခြင်းလုပ်ငန်း အနေဖြင့် ခွင့်ပြုခဲ့ခြင်းဖြစ်ကြောင်း ဒုတိယဝန်ကြီးပြောကြား
https://news-eleven.com/article/64261,တပ်မတော် ကာကွယ်ရေးဦးစီးချုပ်ရုံး၏ အပစ်အခတ်ရပ်စဲရေးနှင့် ထာဝရ ငြိမ်းချမ်းရေးအတွက် ထုတ်ပြန်ချက်အပေါ် မြန်မာနိုင်ငံဆိုင်ရာ တရုတ်နိုင်ငံသံရုံး ကြိုဆို
https://news-eleven.com/article/64258,ဗိုလ်တထောင်မြို့နယ်ရှိ ရေနံရုံးဝင်းအတွင်း ပုပ်ပွသေဆုံးနေသည့် အမျိုးသားအလောင်း တွေ့ရှိ
https://news-eleven.com/article/64255,ဘင်္ဂလားဒေ့ရှ်က အထွေထွေ ရွေးကောက်ပွဲ ကာလအတွင်း ဘင်္ဂါလီမွတ်စလင် ဒုက္ခသည်စခန်းများကို ပိတ်ထားမည်
https://news-eleven.com/article/64252,ပင်စင်လစာများ တိုးမြှင့်ခြင်းသည် နိုင်ငံတော်သမ္မတ ပြောကြားခဲ့သည့် နှစ်သစ်ကူး မိန့်ခွန်းတွင် ပါဝင်သော ကတိကဝတ်များကို အကောင်အထည် ဖော်ခြင်းဖြစ်ပြီး မည်သည့်အရာနှင့်မျှ ပတ်သက်ခြင်းမရှိဟုဆို
https://news-eleven.com/article/64246,ကုန်စည်ပေါ်တွင် သုံးစွဲပုံနှင့်ပတ်သက်သည့် သတ်မှတ်ညွှန်ကြားချက်များကို မြန်မာဘာသာဖြင့် ဖော်ပြစေမည့် အမိန့်စာပါအချက်များ လိုက်နာမှုမရှိက စားသုံးသူအကာအကွယ်ပေးရေးဥပဒေ ပုဒ်မ ၁၉ အရ အရေးယူမည်
https://news-eleven.com/article/64249,မော်ရင်ဟို ထုတ်ပယ်ခံရခြင်းနှင့်ပတ်သက်ပြီး ရိုဟိုနှင့် အလောင်းအစားပြုလုပ်ခဲ့ခြင်းမရှိဟု ဆန်းချက်ဇ်ငြင်းဆန်
https://news-eleven.com/article/64243,နိုင်ငံရေးဆိုင်ရာ ယုံကြည်မှု
https://news-eleven.com/article/64240,နျူသဘောတူညီချက်မှ နုတ်ထွက်အပြီး အမေရိကန်လေယာဉ်တင်သင်္ဘော ပါရှန်ပင်လယ်ကွေ့သို့ ပထမဆုံးအကြိမ် ဖြတ်သန်း
https://news-eleven.com/article/64237,လက်ရှိဘဏ္ဍာနှစ်အတွင်း ကမ္ဘောဒီးယားနှင့် လာအိုနိုင်ငံများသို့ BPI က ထုတ်လုပ်သော မြွေဆိပ်ဖြေဆေး အလုံး ၅၀၀၀ ခန့် ထပ်မံ တင်ပို့ရောင်းချရန်စီစဉ်
https://news-eleven.com/article/64234,ထိုင်းနိုင်ငံရှိ သစ်သီးစက်ရုံတွင် အလုပ်ဖြုတ်ခံရသော မြန်မာလုပ်သားများအတွက် လျော်ကြေးဘတ်တစ်သန်းကျော် ရရှိရန် အလုပ်သမားသံအရာရှိရုံး ဆောင်ရွက်ပေး
https://news-eleven.com/article/64228,ပရီးမီးယားလိဂ်ချန်ပီယံလောင်းစာရင်းတွင် ချယ်လ်ဆီးအသင်းပါဝင်နေဆဲဖြစ်ကြောင်း ဒေးဗစ်လူးဝစ်ဇ်ပြောကြား
https://news-eleven.com/article/64231,ဂျပန်အစိုးရ၏ အသေးစား စီမံကိန်းများထောက်ပံ့မှုအရ တနင်္သာရီနှင့် ဧရာဝတီတိုင်းဒေသကြီးတို့တွင် အခြေခံပညာ စာသင်ကျောင်းသုံးကျောင်းဆောက်လုပ်ရန် ဒေါ်လာ ၄၄၀၀၀၀ ထောက်ပံ့
https://news-eleven.com/article/64225,မိတ္ထီလာမြို့တပ်မ (၉၉) လက်အောက်ခံ တပ်ရင်းများအတွက် သက်သာဆန် ဝယ်ယူရန် အပ်နှံခဲ့သော ငွေကျပ်သိန်း ၁၂၀၀ ကျော်ကို ပြန်လည်ပေးအပ်ခြင်း မရှိသဖြင့် အမျိုးသားတစ်ဦးအား အမှုဖွင့်တိုင်တန်း
https://news-eleven.com/article/64222,ရန်ကုန်-ပုသိမ် လေကြောင်းလိုင်း ခရီးစဉ်အသစ်  ဒီဇင်ဘာ ၂၅ ရက်မှစတင်ကာ တစ်ပတ်လျှင်လေးရက်ပြေးဆွဲမည်
https://news-eleven.com/article/64219,အူဘာမီယန်းရဲ့သွင်းဂိုးတွေနဲ့ အိမ်ကွင်းမှာနိုင်ပွဲရတဲ့ အာဆင်နယ်
https://news-eleven.com/article/64216,၂၀၁၅ ခုနှစ်က အလုပ်ဝင်ရောက်သော တက္ကသိုလ်များရှိ နည်းပြ၊ သရုပ်ပြများအား ရာထူးတိုးမြှင့်ပေးရန် ဆရာဆရာမများ ကိုယ်စားပြုကော်မတီ တောင်းဆို
https://news-eleven.com/article/64213,ရှမ်းပြည်နယ်မှအပ ကျန်ဒေသရှိရတနာနယ်မြေများတွင် ကျောက်မျက်ရတနာ လက်လုပ်လက်စား ဧရိယာသတ်မှတ်ပြီး လုပ်ကိုင်ခွင့်ပြုကြောင်း ပြည်ထောင်စုဝန်ကြီးပြောကြား
https://news-eleven.com/article/64210,သားဖြစ်သူသေဆုံးမှုနှင့်ပတ်သက်ပြီး အော်တိုဝမ်ဘီယာ၏ မိဘများက မြောက်ကိုရီးယားထံမှ နစ်နာကြေး ဒေါ်လာတစ်ဘီလျံတောင်းဆို
https://news-eleven.com/article/64267,မြန်မာတပ်မတော်နှင့် နယ်စပ်အရာရှိ နောက်ထပ်ခုနစ်ဦးကို ဥရောပသမဂ္ဂက ပိတ်ဆို့မှုများ ချမှတ်
https://news-eleven.com/article/64207,တရုတ် ထိန်းသိမ်းထားသော ကနေဒါနှစ်ဦးကို အမြန်ဆုံးလွှတ်ပေးရန် အမေရိကန်နှင့် ကနေဒါတောင်းဆို
https://news-eleven.com/article/64204,စစ်ရေးဆိုင်ရာ လှုပ်ရှားမှုများကို လေးလကြာ ရပ်ဆိုင်းပြီး ပစ်ခတ်တိုက်ခိုက်မှု ရပ်စဲရေးအတွက် ညှိနှိုင်းဆွေးနွေးရန် အချက်ပါဝင်သည့် တပ်မတော်ကာကွယ်ရေးဦးစီးချုပ်ရုံး၏ ကြေညာချက်အပေါ် တိုင်းရင်းသား လက်နက်ကိုင်အဖွဲ့အများစု ကြိုဆို
https://news-eleven.com/article/64201,နှစ်နိုင်ငံ ပု​​​ဂ္ဂလိက ကုန်သည်အချင်းချင်းညှိနှိုင်းပြီး ပြောင်းတန်ချိန် တစ်သောင်းခွဲ အရောင်းအဝယ် စာချုပ်ဝယ်​ယူမှုကြောင်​့မန္တလေး​စျေးကွက်​တွင်​ ​ပြောင်​းဖူး​စေ့ ​စျေးနှုန်​း မြင်​့တက်​​နေ
https://news-eleven.com/article/64198,အမေရိကန်များအား လိမ်လည်သည့် Call Centre တစ်ခုကို အိန္ဒိယရဲများက ဝင်ရောက်ဖမ်းဆီး
https://news-eleven.com/article/64195,တရုတ်တွင် ကျောင်းပြေးခြင်း ပပျောက်စေရန် စမတ်ကျောင်းဝတ်စုံများကို အသုံးပြု
https://news-eleven.com/article/64192,ပဲခူးတိုင်းဒေသကြီးရှိ စက်မှုဇုန်မြေများ ရယူထားပြီး ရင်းနှီးမြှုပ်နှံ လုပ်ကိုင်ခြင်း မရှိလျှင် ပြန်သိမ်းမည်ဟု တိုင်းဒေသကြီး ဝန်ကြီး ပြောကြား
https://news-eleven.com/article/64189,ဇလုံတောင်ဘုရားကို မြန်မာနိုင်ငံ၏ ဒုတိယကျိုက်ထီးရိုးဖြစ်လာစေရန် ဖော်ဆောင်သွားမည်ဟု စစ်ကိုင်းတိုင်းဝန်ကြီးချုပ်ပြောကြား
https://news-eleven.com/article/64186,မြောင်းမြ အခွန်လွတ်စျေး နေရာပြောင်းရွှေ့ရာတွင် ကြုံတွေ့လာရမည့် အခက်အခဲများနှင့် ပတ်သက်၍ ကူညီ ဆောင်ရွက်ပေးပါရန် စျေးသူစျေးသားများက အသနားခံစာ တင်ပြ
https://news-eleven.com/article/64183,မောင်တောမြို့ကို မဟာဓာတ်အားလိုင်းမှ ၂၄ နာရီ ဓာတ်အားဖြန့်ဖြူးမှု စတင်
https://news-eleven.com/article/64180,စက်သုံးဆီစျေး 92 Ron ကျပ် ၇၃၀၊ 95 Ron ကျပ် ၈၀၀၊ ဒီဇယ် ၉၁၅ ကျပ်၊ ပရီမီယံဒီဇယ် ၉၂၅ ကျပ်အထိ ပြန်ကျလာပြီး နှစ်လကျော်အတွင်း ၁၆ ရာခိုင်နှုန်းမှ ၃၁ ရာခိုင်နှုန်းကျော်အထိ ကျဆင်း
https://news-eleven.com/article/64177,သီလဝါ အထူးစီးပွားရေးဇုန်တွင် ပို့ကုန်ဦးစားပေးလုပ်ငန်း ရာခိုင်နှုန်း ၇၀ နှင့် ပြည်တွင်းသို့ ရာခိုင်နှုန်း ၃၀  မျှော်လင့်ခဲ့သော်လည်း လက်တွေ့တွင် ပြည်တွင်းစျေးကွက် ဦးစားပေးလုပ်ငန်း ရာခိုင်နှုန်း ၆၀ ဖြစ်ပေါ်နေ
https://news-eleven.com/article/64174,လာမည့် ၂၀၃၀ ပြည့်နှစ်နောက်ဆုံးထား၍ မြန်မာနိုင်ငံ ဧရိယာစုစုပေါင်း၏ ရာခိုင်နှုန်း ၃၀ ကို ကြိုးဝိုင်း၊ ကြိုးပြင်ကာကွယ်တောများအဖြစ် ဖွဲ့စည်းနိုင်အောင် ဆောင်ရွက်နေကြောင်း ပြည်ထောင်စုဝန်ကြီးပြောကြား
https://news-eleven.com/article/64171,၂၀၁၈ ခုနှစ် နိုဝင်ဘာလကုန်အထိ မြန်မာနိုင်ငံသား ရင်းနှီးမြှုပ်နှံမှု ကျပ် ၁၈၀၆၃ ဘီလျံကျော် ခွင့်ပြုထားပြီး လက်ရှိအစိုးရ သက်တမ်း ၃၂ လအတွင်း ရင်းနှီးမြှုပ်နှံမှု ပမာဏ ကျပ် ၆၄၃၉ ဘီလျံဝန်းကျင် ရှိလာ
https://news-eleven.com/article/64168,ဒိုင်လူကြီးများ၏ ဆန္ဒပြမှုကြောင့် ယခုတစ်ပတ်ကစားမည့် ဂရိစူပါလိဂ်ပွဲစဉ်များ ရွှေ့ဆိုင်း
https://news-eleven.com/article/64165,မြန်မာအမျိုးသမီးအသင်းများ နိုင်ငံတကာခြေစမ်းပွဲများ ကစားခွင့်ရရန် MFF ကြိုးပမ်း
https://news-eleven.com/article/64162,အာဆင်နယ်အသင်းတွင် အိုဇေးလ်၏အနာဂတ်ဆက်ရှိမည်ဟု နည်းပြဖြစ်သူ ဆို
https://news-eleven.com/article/64159,ချန်ပီယံလိဂ်အုပ်စုအဆင့် အကောင်းဆုံးဂိုးအဖြစ် ရာကီတစ်၏ဂိုး ရွေးချယ်ခံရ
https://news-eleven.com/article/64153,လစ်လပ်နေသည့် မန်ယူအသင်းနည်းပြရာထူးအတွက် ပိုချက်တီနိုအားမေးမြန်းမှုကို စပါးတားမြစ်
https://news-eleven.com/article/64141,Eclipse Bar ၏ Winner Wonders အစီအစဉ်တွင် တေးသံရှင် Mary ၏ ဖျော်ဖြေတင်ဆက်မှုများ ပါဝင်မည်
https://news-eleven.com/article/64129,ဘွန်ဒစ်လီဂါပွဲစဉ်(၁၇) ပွဲကြိုသုံးသပ်ချက်
https://news-eleven.com/article/64126,စပိန်လာလီဂါပွဲစဉ်(၁၇) ပွဲကြိုသုံးသပ်ချက်
https://news-eleven.com/article/64120,မန်ယူအသင်း အမြဲတမ်းနည်းပြရာထူးအား ရယူလိုသူများစွာရှိပြီး မိမိလည်းပါဝင်ဟု ဆိုးလ်ရှား ဝန်ခံ
https://news-eleven.com/article/64117,MMA ပညာရပ္အေပၚ ျမန္မာလူငယ္မ်ား စိတ္ပါဝင္စားမႈျမင့္မားလာ
https://news-eleven.com/article/64111,ခန္တီးမြို့ ကောင်းကင်ပေါ်တွင် ပေါက်ကွဲသံကြားရပြီး လေယာဉ်ကိုယ်ထည်ဟု ယူဆရသည့် အစိတ်အပိုင်းတစ်ခု ပြုတ်ကျလာ
https://news-eleven.com/article/64114,MMA ပညာရပ်အပေါ် မြန်မာလူငယ်များ စိတ်ပါဝင်စားမှုမြင့်မားလာ
https://news-eleven.com/article/64108,အီတလီစီးရီးအေပွဲစဉ်(၁၇) ပွဲကြိုသုံးသပ်ချက်
https://news-eleven.com/article/64105,ပရီးမီးယားလိဂ်ပွဲစဉ်(၁၈) ပွဲကြိုသုံးသပ်ချက်
https://news-eleven.com/article/64102,ပေါ့ဘာအပါအဝင် ကစားသမားအားလုံး၏အကောင်းဆုံးပုံစံကို မြင်တွေ့လိုနေပြီး စနစ်တကျကိုင်တွယ်သွားမည်ဟု ဆိုးလ်ရှားပြောကြား  
https://news-eleven.com/article/64099,ဂိုးပြတ်နိုင်ပွဲနဲ့ မန်စီးတီးကို အမှတ်ဖြတ်ဦးဆောင်လိုက်တဲ့ လီဗာပူးလ်  
https://news-eleven.com/article/64096,မော်ရင်ဟိုအား နည်းပြတစ်ဦးအဖြစ်ပြန်လည်မြင်တွေ့လိုသော်လည်း ချယ်လ်ဆီးအသင်းတွင် မဟုတ်ကြောင်း ဆာရီ အရွှန်းဖောက်ပြောကြား  
https://news-eleven.com/article/64093,လီဗာပူးလ်ဂိုးသမား အယ်လစ်ဆန်မှာ နော်ယာထက်ပိုကောင်းသည့်ဂိုးသမားဖြစ်ကြောင်း အိုလီဗာခန်း ချီးကျူး    
https://news-eleven.com/article/64090,မင်းကွန်းပုထိုးတော်ကြီး ပညာရေး အကယ်ဒမီကျောင်းတွင် ဘာသာရေးစည်းရုံးမှုများ လုပ်ဆောင်ခဲ့သည်ဟုဆိုသည့် ခရစ်ယာန်ဓမ္မဆရာအမှု မစစ်ဆေးဖြစ်ဘဲ ရုံးချိန်းပြန်လည်ချိန်းဆို
https://news-eleven.com/article/64087,၂၀၁၈ ကမ္ဘာ့ဖလားပြိုင်ပွဲအား ကမ္ဘာ့လူဦးရေ၏ထက်ဝက်ခန့် ကြည့်ရှုခဲ့ဟု ဖီဖာထုတ်ပြန် 
https://news-eleven.com/article/64084,မန္တလေး သုခရိပ်မြုံလူငယ်ဖွံ့ဖြိုးရေး ပရဟိတဂေဟာတွင် စောင့်ရှောက်ထားသည့် ကလေးငယ် ၈၀ ကျော်ရှိပြီး ကလေးငယ်များအတွက် အဆောင်တိုးချဲ့ရန် အလှူရှင်လိုအပ်
https://news-eleven.com/article/64081,ပြည်နယ်အစိုးရများအနေဖြင့် စီးပွားရေးလုပ်ငန်းများ၊ အကောင်အထည်ဖော်မည့် စီမံကိန်းများကို အခွင့်သင့်တိုင်း ပြည်သူအား ကြိုတင်ရှင်းလင်းပြီး လုပ်ငန်းများအတွက် သွင်းအားစုကို ကြိုတင်ပြင်ဆင်ဖြည့်ဆည်းပေးရန် လိုအပ်ဟုဆို
https://news-eleven.com/article/64078,ချောင်းသာကမ်းခြေတွင် ရေပေါ်ဟိုတယ်ဖွင့်လှစ်ရန် တိုင်းဒေသကြီးအစိုးရအဖွဲ့က မူအားဖြင့်သဘောတူညီပြီး စမ်းသပ်လုပ်ဆောင်ရန် ခွင့်ပြုထား
https://news-eleven.com/article/64075,အဂတိမကင်းသောတာဝန်ရှိသူများအား အရေးယူပေးရေးနှင့် စည်ပင်ကဏ္ဍစီမံခန့်ခွဲမှုညံ့ဖျင်းသူများ အလိုမရှိဟုဆိုကာ မုံရွာမြို့တွင် လူ ၂၀၀ ကျော် ဆန္ဒထုတ်ဖော်
https://news-eleven.com/article/64072,မိုးယွန်းကြီးအင်းဘေးမဲ့တောတွင် တရားမဝင်ငါးဖမ်းသူနှင့် ဗီလားထောင်သူ ၂၀၀ မှ ၃၀၀ ကြား ရှိနေ၍ လုံခြုံရေး အခက်အခဲရှိနေ
https://news-eleven.com/article/64066,ပခုက္ကူမြို့ ဧရာဝတီတံတားအထက်ပိုင်း မြစ်ကြောင်းမြစ်လယ်တွင် ကြီးမားသည့် သဲသောင်ပြင် ဖြစ်ပေါ်လာသည့်အတွက် မော်တော်များ သတိပြုသွားလာနေရ
https://news-eleven.com/article/64060,လွိုင်ကော်စက်မှုဇုန် မြေယာပြဿနာများနှင့်ပတ်သက်၍ ပြည်နယ်အစိုးရအနေဖြင့် ပွင့်လင်းမြင်သာစွာ ဆောင်ရွက်သင့်ကြောင်း ပြည်နယ်လွှတ်တော် တိုင်စာပစ်စာ လေ့လာဆန်းစစ်ရေးကော်မတီဥက္ကဋ္ဌ ပြောကြား
https://news-eleven.com/article/64054,တောင်ကြီးမြို့တွင် ရွှေ့ပြောင်းလုပ်သားများ ထောက်ပံ့ကူညီရေး ဗဟိုဌာနရုံး ပထမဆုံး စတင်ဖွင့်လှစ်
https://news-eleven.com/article/64051,နိုင်ငံခြားကုမ္ပဏီများဖြင့် ပူးပေါင်းဆောင်ရွက်နေသော ကမ်းလွန်လုပ်ကွက်သုံးကွက်တွင် သဘာဝဓာတ်ငွေ့ရှိကြောင်း စမ်းသပ်တွေ့ရှိသဖြင့် စီးပွားဖြစ်ထုတ်လုပ်နိုင်မည့် အခြေအနေသိရှိနိုင်ရန် ဆောင်ရွက်လျက်ရှိကြောင်း ဒုတိယဝန်ကြီး ပြောကြား
https://news-eleven.com/article/64048,ပြည်သူ၊ အစိုးရ၊ တပ်မတော်ဆိုသည့် ဒေါက်တိုင်သုံးတိုင်ကို ဟန်ချက်ညီအောင် သတင်းမီဒီယာဒေါက်တိုင်က တည်ဆောက်ပေးနေပြီး ဒေါက်တိုင်လေးတိုင် ဟန်ချက်ညီကောင်းမွန်ပါက တိုင်းပြည်ပိုမိုကောင်းမွန်လာမည်ဟု ယုံကြည်ကြောင်း တပ်မတော်ကာကွယ်ရေးဦးစီးချုပ် ပြောကြား
https://news-eleven.com/article/64045,လွိုင်လင်မြို့နယ်တွင် ဖြစ်ပွားခဲ့သော ရုန်းရင်းဆန်ခတ်မှု ဖြစ်စဉ်အပေါ် ဒေသခံ ပအိုဝ်းအမည်ခံ လူတစ်စု၏ ဆန္ဒပြမှုအား ပြင်းထန်စွာ ကန့်ကွက်ကြောင်း RCSS အဖွဲ့ ကြေညာ
https://news-eleven.com/article/64042,ဆန္ဒပြမှုအဆုံးသတ်စေရန် အခွန်လျှော့ချရေးအစီအစဉ်များကို ပြင်သစ်လွှတ်တော်က အတည်ပြု
https://news-eleven.com/article/64036,ဆီးရီးယား၊ အာဖဂန်တို့မှတပ်များကို ရုပ်သိမ်းမည်ဟု ထရန့်က ပြောပြီးနောက် အမေရိကန်ကာကွယ်ရေးဝန်ကြီး ရာထူးမှနုတ်ထွက်
https://news-eleven.com/article/64033,လွိုင်လင်မြို့တွင် RCSS/ SSA ၏ ပစ်ခတ်မှုကြောင့် သေဆုံးခဲ့သော ပအိုဝ်းတိုင်းရင်းသား ငါးဦးအတွက် တရားမျှတမှု ပေါ်ပေါက်ရေးနှင့် ဒေသခံများ လုံခြုံအေးချမ်းစွာ နေထိုင်နိုင်ရေး ပအိုဝ်းတိုင်းရင်းသားများ တောင်ကြီးမြို့တွင် ဆန္ဒထုတ်ဖော်
https://news-eleven.com/article/64030,‘ဇီးပင်ကြီးစစ်တမ်း’ အမည်ဖြင့် အပိုင်းလိုက်ရေးသားခဲ့သော ဦးစီးအရာရှိအား အရေးယူအပြစ်ပေးခြင်းမျိုး ရှိခဲ့မည်ဆိုပါက မည်သည့်အတွက်ကြောင့်ဆိုသည်ကို လွှတ်တော်ဘက်က မေးခွန်းထုတ်ရမည်ဖြစ်ကြောင်း လွှတ်တော်ကိုယ်စားလှယ် ပြောကြား
https://news-eleven.com/article/64063,အသင်းမပြောင်းရွှေ့ပါက ဟာဇက်မှာ ချယ်လ်ဆီး၏ထာဝရအကောင်းဆုံးကစားသမားဖြစ်လာနိုင်ကြောင်း ဇိုလာ ပြောကြား 
https://news-eleven.com/article/64027,ဝန်ကြီးဌာနများအနေဖြင့် ပြည်သူ့အတွက်ဆိုသည့်စကားလုံးကို တကယ်စဉ်းစားပြီး လုပ်ပေးချင်စိတ်ရှိပါက ပူးပေါင်းဆောင်ရွက်စေချင်ဟု  ပြည်ထောင်စုဥပဒေဆိုင်ရာ အထောက်အကူပေးရေးအဖွဲ့ အတွင်းရေးမှူး ပြောကြား
https://news-eleven.com/article/64018,ဗြိတိန်ရေတပ်က ပင်လယ်ကွေ့တွင် မူးယစ်ဆေးဝါးများကို စံချိန်တင်ဖမ်းမိ
https://news-eleven.com/article/64015,စစ်ဌာနချုပ်နယ်မြေငါးခုရှိ NCA ရေးထိုးရန်ကျန်ရှိနေသော တိုင်းရင်းသား လက်နက်ကိုင်အဖွဲ့အစည်းများနှင့် ပစ်ခတ်တိုက်ခိုက်မှုရပ်စဲရေးအတွက် တစ်ဖွဲ့ချင်းအလိုက် ညှိနှိုင်းဆွေးနွေးရန် ၂၀၁၉ ခုနှစ် ဧပြီ ၃၀ ရက်အထိ စစ်ရေးဆိုင်ရာလှုပ်ရှားမှုအားလုံး ရပ်ဆိုင်းပေးမည်ဖြစ်ကြောင်း တပ်မတော်ထုတ်ပြန်
https://news-eleven.com/article/64012,မြန်မာနိုင်ငံ အထက်ပိုင်းတွင် မိုးကောင်းမှုနှင့် ရေခဲများ အရည်ပျော်မှုကြောင့် ဧရာဝတီမြစ်ရေသည် တစ်ရက်အတွင်း မြစ်ကြီးနားမြို့တွင် ငါးပေအထိ မြင့်တက်ခဲ့
https://news-eleven.com/article/64009,‘ဇီးပင်ကြီးစစ်တမ်း’ ရေးသားခဲ့သော ဒေါက်တာစိုးသူရဇော်အား ကျန်းမာရေးဝန်ကြီးဌာနက ဌာနဆိုင်ရာစုံစမ်းစစ်ဆေးမှု ပြုလုပ်ခဲ့ခြင်းအပေါ် ကန့်ကွက်ကြောင်း သွားဘက်ဆိုင်ရာဆရာဝန်များ စုပေါင်းလက်မှတ်ရေးထိုးတင်ပြမည်
https://news-eleven.com/article/64006,မြန်မာနိုင်ငံ၌ အနာကြီးရောဂါ တိုက်ဖျက်ရေး ရည်မှန်းချက် ပြည့်မီသော်လည်း နှစ်စဉ် လူနာအသစ် ၃၀၀၀ အထိရှိနေပြီး ၎င်းတို့အနက် ငါးရာခိုင်နှုန်းမှာ ကလေးလူနာသစ်များဖြစ်နေ
https://news-eleven.com/article/64003,အခွန်များကိုရှောင်တိမ်းရန် မလိုအပ်ဘဲ စျေးကွက်အတွင်း လာရောက်ရင်းနှီှးမြှုပ်နှံသူများအနေဖြင့် နိုင်ငံတော်ကချမှတ်ထားသည့် အခွန်များ၊ ဥပဒေများအား လိုက်နာစေလိုကြောင်းနှင့် Level Playing Field ကို ဖော်ဆောင်ပေးစေလိုကြောင်း ပြောကြား
https://news-eleven.com/article/63994,၂၀၁၈ ခုနှစ်အတွင်း ထိုင်းနှင့် မလေးရှားနိုင်ငံသို့ လူကုန်ကူးခံရမှု မြင့်တက်
https://news-eleven.com/article/63991,ဒေါ်လာ ၄၇ ဘီလျံရှိသည့် စံချိန်တင်ကာကွယ်ရေးအသုံးစရိတ်ကို ဂျပန်အတည်ပြု
https://news-eleven.com/article/63988,အိန္ဒိယတွင် ပြည်နယ်အစိုးရသစ်သုံးခုက လယ်သမားများ၏ ချေးငွေဒေါ်လာကိုးဘီလျံကို လျှော်ပေးခဲ့
https://news-eleven.com/article/63982,အစ္စရေးက ဟဇ်ဘိုလာအဖွဲ့၏ တိုက်ခိုက်ရေးလိုဏ်ခေါင်းများအား စတင်ဖျက်ဆီး
https://news-eleven.com/article/63973,သြဇာကြီးထွားလာသော ရုရှားကိုထိန်းချုပ်ရန် အနောက်နိုင်ငံများက ကြိုးပမ်းနေဟု ပူတင်ပြောကြား
https://news-eleven.com/article/63976,မြန်မာအမျိုးသားလေကြောင်းလိုင်း၏ ရှစ်စင်းမြောက် ATR 72-600 လေယာဉ်သစ် ရန်ကုန်အပြည်ပြည်ဆိုင်ရာလေဆိပ်သို့ ရောက်ရှိ
https://news-eleven.com/article/63964,ငြိမ်းချမ်းရေးအလားအလာကောင်းများကို ဖြစ်ပေါ်စေသည့် တပ်မတော်၏ ထုတ်ပြန်ချက်
https://news-eleven.com/article/63961,၂၀၁၄ ခုနှစ် Hospital Statistics အရ ဆေးရုံတက်လူနာများထဲမှ သေဆုံးမှု ၈၆ ရာခိုင်နှုန်းသည် မကူးစက်နိုင်သည့်ရောဂါများကြောင့်ဖြစ်ပြီး ယင်းရောဂါများကို ကြိုတင်ကာကွယ်တိုက်ဖျက်ရန် လိုအပ်နေ
https://news-eleven.com/article/63958,သံမဏိနှင်းဆီအယ်ဒီတာ အသတ်ခံရသည့် အမှုတွင် တရားလိုပြ သက်သေ ၁၈ ဦးနှင့် တရားခံပြ သက်သေ ခုနစ်ဦးအား နှစ်နှစ်နီးပါး စစ်ဆေးခဲ့ပြီး ဒီဇင်ဘာ ၂၇ ရက်တွင် အမိန့်ချရန် ချိန်းဆို
https://news-eleven.com/article/63955,စက်မှုဇုန်များသည် ရန်ကုန်တိုင်းအတွက် စီးပွားရှာပေးသည့် နေရာဖြစ်သဖြင့် စက်မှုဇုန်များကို  နိုင်ငံတကာအဆင့်ဖြစ်အောင် ဆောင်ရွက်နေကြောင်း ရန်ကုန်တိုင်းဒေသကြီးဝန်ကြီးချုပ် ပြောကြား
https://news-eleven.com/article/63952,ဦးကိုနီ လုပ်ကြံခံရမှု (၉၅) ကြိမ်မြောက်ရုံးချိန်းတွင် ဇေယျာဖြိုး၏ သက်သေတစ်ဦးကို စစ်ဆေးခဲ့ပြီး နှစ်ဦးပယ်ဖျက်ကာ ဆက်လက်စစ်ဆေးရန် သက်သေ ၁၅ ဦးသာ ကျန်ရှိ
https://news-eleven.com/article/63949,နှစ်လအတွင်း မြန်မာနိုင်ငံသို့ နိုင်ငံခြားရင်းနှီးမြှုပ်နှံမှုပမာဏ ဒေါ်လာ ၄၆၆ သန်းနီးပါး ဝင်ရောက်ထားပြီး ပို့ဆောင်ဆက်သွယ်ရေးကဏ္ဍတွင် ဒေါ်လာ ၁၇၁ သန်းကျော်ဖြင့် အများဆုံးမြှုပ်နှံထား
https://news-eleven.com/article/63946,ကျပ်သိန်း ၄၂၀ မှ ကျပ်သိန်း ၁၆၀၀ တန်ဖိုးရှိ City Loft တန်ဖိုးသင့်အိမ်ရာစီမံကိန်းကို ကနဦးရာခိုင်နှုန်း ၃၀ ပေးသွင်းပြီး ကျန်သည့် ရာခိုင်နှုန်း ၇၀ ကို ၂၅ နှစ် အရစ်ကျဖြင့် ဝယ်ယူနိုင်မည်
https://news-eleven.com/article/63997,ကျပ်တစ်သောင်းတန်အတုများ မည်သည့်နေရာမှ ထွက်သည်ကိုသိရှိသည့်အပြင် မည်သည့်နံပါတ်များတွင် အတုအဖြစ်များသည်ကို သိရှိသဖြင့်  ဖော်ထုတ်ဖမ်းဆီးနိုင်ရန်လုပ်ဆောင်နေကြောင်း  သမ္မတရုံးပြောရေးဆိုခွင့်ရှိသူ ပြောကြား
https://news-eleven.com/article/63943,စီးပွားရေးအခွင့်အလမ်းအများဆုံး ရရှိနိုင်မည့် မြို့ကြီးများသို့ ရွှေ့ပြောင်းနေထိုင်မှုပိုများလာသဖြင့် ၂၀၃၀ ပြည့်နှစ်တွင် မြန်မာနိုင်ငံ၏ မြို့ပြလူဦးရေသည် စုစုပေါင်းလူဦးရေ၏ ၃၅ ရာခိုင်နှုန်းခန့်အထိ မြင့်တက်လာမည်ဟု မျှော်မှန်းထား
https://news-eleven.com/article/63937,အုပ်ချုပ်ရေးယန္တရားအား ပိုမိုခိုင်မာ တောင့်တင်းစေရန်အတွက် ပြည်ထဲရေး ဝန်ကြီးဌာန လက်အောက်ရှိ အထွေထွေအုပ်ချုပ်ရေးဦးစီးဌာနအား ပြည်ထောင်စု အစိုးရအဖွဲ့ရုံး ဝန်ကြီးဌာနအောက်သို့ ပြောင်းရွှေ့မည်
https://news-eleven.com/article/63913,မော်ရင်ဟိုအား စိတ်ဝင်စားနေသည့်အသင်း (၃)သင်းရှိကြောင်း The Times ဖော်ပြ
https://news-eleven.com/article/63910,ဒီဇင်ဘာ ၂၁ ရက် နေ့လယ်ပိုင်း သတင်းအစီအစဉ် 
https://news-eleven.com/article/63895,မန်စီးတီးအသင်းမှာ ချန်ပီယံဖြစ်ပြီး ၎င်းတို့မှာ စိန်ခေါ်သူသာဖြစ်သည်ဟု ကလော့ပ် ပြောကြား
https://news-eleven.com/article/63892,စစ်ဌာနချုပ် နယ်မြေ ငါးခုရှိ NCA လက်မှတ် ရေးထိုးရန် ကျန်ရှိသော တိုင်းရင်းသား လက်နက်ကိုင်အဖွဲ့များနှင့် တွေ့ဆုံဆွေးနွေးရန် စစ်ဆင်ရေးဆိုင်ရာ လှုပ်ရှားမှုများ အားလုံးကို ရပ်ဆိုင်းပေးမည်ဟု တပ်မတော် ထုတ်ပြန်
https://news-eleven.com/article/63889,လူးကပ်စ်ဟာနန်ဒက်ဇ်ကို လာမည့်ဇန်နဝါရီတွင် ယူရို (၈၅)သန်းဖြင့် ဘိုင်ယန်မြူးနစ်အသင်း ခေါ်ယူမည်
https://news-eleven.com/article/63886,GGS ကုမ္ပဏီက ဂက်စ်စျေးနှုန်း မလျှော့ပေး၍ မီးဖြတ်မည်ဆိုပါက လျှပ်စစ်ပြတ်တောက်မှုမရှိစေရန် ဒီဇယ်အင်ဂျင်များဖြင့် အလှည့်ကျ ပေးဝေမည်ဖြစ်ပြီး ယူနစ်စျေး အပြောင်းအလဲ ရှိလာနိုင်ဟုဆို
https://news-eleven.com/article/63883,ကိုရီးယားကျွန်းဆွယ်၌ သံတမန်ရေးကြိုးပမ်းမှုကို သရော်သည့် အနုပညာပြပွဲတွင် ကင်က ထရန့်ကို ပစ်သတ်သည့် ပြကွက်ပါဝင်
https://news-eleven.com/article/63877,Aquaman (3D) ရုပ်ရှင်ဇာတ်ကားကို မြို့ကြီးအများအပြားရှိ ရုပ်ရှင်ရုံများ၌ ဒီဇင်ဘာ ၂၁ ရက်မှစတင်ကာ နိုင်ငံတကာနှင့်တစ်ပြေးညီ ရုံတင်ပြသ
https://news-eleven.com/article/63880,ဂျူဗင်တပ်စ်အသင်းနှင့် စာချုပ်သစ်ချုပ်ဆိုနိုင်ခဲ့သည့်အတွက် ဝမ်းသာကြောင်း ဆန်ဒရို ပြောကြား
https://news-eleven.com/article/63874,ယနေ့ကစားမည့်ပွဲစဉ်များ ပွဲကြိုသုံးသပ်ချက်
https://news-eleven.com/article/63871,ဗလင်စီယာနောက်ခံလူ မူရယ်လိုကို ရာသီကုန်အထိ အငှားစာချုပ်ဖြင့် ဘာစီလိုနာအသင်း ခေါ်ယူ
https://news-eleven.com/article/63868,မိမိအသင်းတွင် ကမ္ဘာ့အကောင်းဆုံးဂိုးသမား ဒီယေးယားနှင့် အရည်အသွေးမြင့်လူငယ်များကို ပိုင်ဆိုင်ထားကြောင်း ဆိုးလ်ရှားပြောကြား   
https://news-eleven.com/article/63865,ခေါင်းဆောင်မှုအရည်အသွေး ၁၀ ရပ်
https://news-eleven.com/article/63862,ရန်ကုန်မြို့တွင် အဆင့်မြင့်ကွန်ဒိုမီနီယမ်တိုက်ခန်း ၇၃၀၀ ဝန်းကျင်သာရှိပြီး စီမံကိန်းအများစု နှောင့်နှေးနေခြင်းကြောင့် တိုးတက်မှုနှုန်းရပ်တန့်နေကာ ပျမ်းမျှကွန်ဒိုတိုက်ခန်းစျေးနှုန်းများ ယခင်သုံးလပတ်ထက် ခြောက်ရာခိုင်နှုန်းကျဆင်း
https://news-eleven.com/article/63859,ရခိုင်ကိစ္စ စုံစမ်းရေးကော်မရှင်ကို ဖျက်သိမ်းသင့်ကြောင်း HRW က ထုတ်ပြန်
https://news-eleven.com/article/63856,လုံခြုံရေးကဏ္ဍ ဆွေးနွေးသည့်အချိန်တွင် တပ်ဖွဲ့များပေါင်းစည်းရေး၊ လုံခြုံရေးဆိုင်ရာ ပေါင်းစည်းရေးကိစ္စရပ်များကိုသာ အဓိကထားမဆွေးနွေးဘဲ ပြည်သူတို့၏နေ့စဉ်ဘဝ လုံခြုံရေးကိစ္စရပ်များကိုလည်း ထည့်သွင်းဆွေးနွေးသင့်ကြောင်း တကောင်းနိုင်ငံရေးလေ့လာမှုအဖွဲ့ အကြံပြု
https://news-eleven.com/article/63853,နိုင်ငံအချို့၏လွှတ်တော်များတွင် မြန်မာနိုင်ငံနှင့်ပတ်သက်၍ ခိုင်မာမှုမရှိသည့် အချက်အလက်၊ ၀ါဒဖြန့်သတင်းများအပေါ်မူတည်၍ အချေအတင်ဆွေးနွေးတိုက်တွန်းခြင်းများကို ရေငုံနှုတ်ပိတ်မနေဘဲ လွှတ်တော်နိုင်ငံတကာ ဆက်ဆံရေးကော်မတီက ရှင်းလင်းချေပခြင်းများပြုလုပ်သင့်ဟု တပ်မတော်သားလွှတ်တော်ကိုယ်စားလှယ် ဆွေးနွေး
https://news-eleven.com/article/63850,တရုတ်-မြန်မာ စီးပွားရေး ပူးပေါင်းဆောင်ရွက်မှု စီမံကိန်းများကို သဘောတူလက်မှတ် ရေးထိုးပြီးနောက် အခြားစီမံကိန်းများ အတွက် နှစ်ဦးနှစ်ဖက် ဆွေးနွေးညှိနှို်င်းနေဟုဆို
https://news-eleven.com/article/63847,ကျောက်တော်မြို့နယ် ယိုးချောင်းဖျားရှိ ကျွန်းသာယာနှင့် အတွင်းပညာကျေးရွာ တစ်ဝိုက်တွင် တိုက်ပွဲများ ဖြစ်ပွားနေပြီး ဒေသခံ ၄၀၀ ကျော် နေရပ်တိမ်းရှောင်နေကြရ
https://news-eleven.com/article/63844,လူငယ်များအား မူးယစ်ဆေးဝါး မသုံးဆောင်ရန် အမြဲတိုက်တွန်းကြောင်းနှင့် အတွေးအင်အား ခိုင်မာတိုးတက်လာအောင် စာဖတ်ခြင်းသည် များစွာအထောက်အကူဖြစ်ကြောင်း နိုင်ငံတော်၏ အတိုင်ပင်ခံပုဂ္ဂိုလ် ပြောကြား
https://news-eleven.com/article/63841,ဒေါ်လာစျေး ကျရိပ်မြင်လျက်နှင့် တစ်ဒေါ်လာ ပြင်ပပေါက်စျေး ကျပ် ၁၅၂၀ ဝန်းကျင်ရှိနေချိန်တွင် ကျပ် ၁၅၇၀ ဖြင့် ဒေါ်လာ ၃၄ သန်း ဝယ်ယူခဲ့သည့်အတွက် ကုန်ပစ္စည်းနှင့် ကားစျေးကွက်၌ စျေးနှုန်းမြင့်တက်လာ၍ လွှတ်တော်ကော်မတီက ဗဟိုဘဏ် တာဝန်ရှိသူများအား ခေါ်ယူမေးမြန်း
https://news-eleven.com/article/63838,ဖာရာရီကား သုံးစီးကို ဝင်တိုက်ခဲ့သည့် ထိုင်ဝမ်ပစ္စည်းပို့သမားအတွက် အများက ဝိုင်းဝန်းလှူဒါန်း
https://news-eleven.com/article/63835,အမေရိကန်ဘက်မှ ခြိမ်းခြောက်မှုကို မဖယ်ရှားသရွေ့ နျူလက်နက် အလုံးစုံ ဖျက်သိမ်းမည် မဟုတ်ဟု မြောက်ကိုရီးယား ပြောကြား
https://news-eleven.com/article/63829,Nissan အမှုဆောင်ချုပ်ကို ဆက်လက်ထိန်းသိမ်းရန် အစိုးရရှေ့နေများ၏ ကြိုးပမ်းမှုအား တရားရုံးက ပယ်ဖျက်ခဲ့
https://news-eleven.com/article/63826,ဆီးရီးယားမှ အမေရိကန်တပ်ဖွဲ့ဝင်များအား ရုပ်သိမ်းရန် ထရန့်၏ ဆုံးဖြတ်ချက်ကြောင့် မဟာမိတ်များက အလွန်အမင်း အံ့အားသင့်
https://news-eleven.com/article/63820,တူရကီသို့ ဒေါ်လာ ၃.၅ ဘီလျံတန်ဖိုးရှိ ပက်ထရီယော့ဒုံးများ ရောင်းချရန် အမေရိကန်က အတည်ပြု
https://news-eleven.com/article/63817,ကြံ့ခိုင်မှု အားနည်းနေပြီဖြစ်သော မော်လမြိုင်-ဘားအံ ကားလမ်းပေါ်ရှိ ကြိုးတံတား နှစ်စင်းဖြစ်သည့် အတ္ထရံတံတားနှင့် ဂျိုင်း(ဇာသပြင်) တံတားဘေး၌ လာမည့်နှစ်ဆန်းပိုင်းတွင် ကြိုးတံတားအသစ်နှစ်စင်း တည်ဆောက်မည်
https://news-eleven.com/article/63814,တရုတ်တစ်ရှူး ငှက်ပျောခင်းများ သိမ်းချိန်တွင် မြန်မာ-တရုတ် ကုန်သွယ်ရေးလမ်းပိုင်း တံတားကျိုးကျမှုကြောင့် မြန်မာလုပ်သား တစ်ဦးလျှင် ကျပ်သိန်းဆယ်ချီနစ်နာ
https://news-eleven.com/article/63811,လူမှုကွန်ရက် စာမျက်နှာပေါ်တွင် ‘ဇီးပင်ကြီးစစ်တမ်း’ အမည်ဖြင့် အပိုင်းလိုက် ရေးသားခဲ့သော ဦးစီးအရာရှိအဆင့် ဆရာဝန် တစ်ဦးအား ဌာနဆိုင်ရာ စုံစမ်းစစ်ဆေးရေးအဖွဲ့က ခုံရုံးဖွဲ့စစ်ဆေး
https://news-eleven.com/article/63808,CMP အထည်ချုပ် တင်ပို့မှုသည် ပြီးခဲ့သည့် ငါးနှစ်အတွင်း နှစ်စဉ် ၂၅ ရာခိုင်နှုန်းအထိ တိုးတက်ခဲ့ပြီး လာမည့် ၂၀၂၀ ပြည့်နှစ်တွင် ပို့ကုန်တန်ဖိုး ဒေါ်လာ ၁၀ ဘီလျံအထိ တိုးတက်ရရှိအောင် ဆောင်ရွက်လျက်ရှိ
https://news-eleven.com/article/63805,တစ်နိုင်ငံလုံးတွင် အထက်တန်းပြဆရာ လိုအပ်သည့် ကျောင်း ၃၀၀၀ ကျော်ရှိပြီး အထက်တန်းပြဆရာဦးရေ ၁၁၃၅၀ လိုအပ်နေကြောင်း ပညာရေးဝန်ကြီး ပြောကြား
https://news-eleven.com/article/63802,အရှေ့တောင်အာရှဒေသ၌ ငှက်ဖျားရောဂါ ဖြစ်ပွားမှု သိသိသာသာ ကျဆင်းလာပြီး ၂၀၃၀ ပြည့်နှစ်တွင် မြန်မာအပါအဝင် အာရှ-ပစိဖိတ် နိုင်ငံများ၌ ငှက်ဖျားရောဂါ ကင်းဝေးရေး ရည်မှန်းချက် ပြည့်မီရန် လုပ်ဆောင်မည်
https://news-eleven.com/article/63823,CIES မှရွေးချယ်သည့် ယခုရာသီ လာလီဂါအကောင်းဆုံးအသင်းတွင် ရီးယဲလ်ကစားသမား (၁)ဦးသာ ပါဝင်
https://news-eleven.com/article/63799,ထို်င်းရောက် မြန်မာရွှေ့ပြောင်း အလုပ်သမားများ အလုပ်သမား အခွင့်အရေးပိုင်း ဆိုင်ရာနှင့် ဥပဒေပိုင်းဆိုင်ရာ အခွင့်အရေး ဆုံးရှုံးမှုများရှိနေ
https://news-eleven.com/article/63793,ခရစ်ယာန်ဓမ္မဆရာအား ပုဒ်မ ၂၉၅ (က) ဖြင့် စစ်ကိုင်းမြို့နယ် တရားရုံးတွင် ဦးတိုက်လျှောက်ထားသည့်အမှု မစစ်ဆေးဖြစ်ဘဲ ဇန်နဝါရီ ၃ ရက်သို့ ရုံးပြန်လည်ချိန်းဆို
https://news-eleven.com/article/63790,မြန်မာနိုင်ငံ၏ နိုင်ငံရေး အခြေအနေမှာ ဘယ်ကိုသွားနေသည်ကို မရှင်းမလင်းဖြစ်နေပြီး ဒီမိုကရေစ ီဖွံ့ဖြိုးတိုးတက်မှုနှင့် ငြိမ်းချမ်းရေး ဖြစ်စဉ်များမှာ ရပ်တန့်နေကြောင်း လူ့ဘောင်သစ် ဒီမိုကရက်တစ်ပါတီ ဥက္ကဋ္ဌ ပြောကြား
https://news-eleven.com/article/63787,မန္တလေးမြို့ရှိ ကေတီဗွီဆိုင် တစ်ဆိုင်တွင် မူးယစ်ဆေးဝါးများနှင့်အတူ ဖမ်းမိခဲ့သည့် ၁၉ ဦးအပြင် ဆိုင်ကိုချိပ်ပိတ်ထားပြီး ပိုင်ရှင်အား ဖမ်းမိနိုင်ရန် ဆောင်ရွက်နေ
https://news-eleven.com/article/63796,အာဆင်နယ်အသင်းနည်းတူ မိမိတို့လည်း ယခုရာသီတွင် ရှုံးပွဲမရှိစံချိန် ရယူနိုင်စွမ်းရှိသည်ဟု လီဗာပူးလ်နောက်ခံလူ လိုဗရန် ကြုံးဝါး
https://news-eleven.com/article/63781,နယ်စပ်မြဝတီမြို့တွင် လက်လုပ်မိုင်းဖြင့် ဖောက်ခွဲမည် ဟုဆိုကာ ခြိမ်းခြောက်ငွေတောင်းမှု ဒုတိယအကြိမ် ဖြစ်ပွား
https://news-eleven.com/article/63778,ပင်လည်ဘူးနှင့် ဖောင်းပြင်မြို့နယ်ကြားရှိ ကြိုးဝိုင်းတစ်ခု၌ အမျိုးသားနှစ်ဦး ကြိမ်ခုတ်သွားရာ လူဝံတိုက်ခိုက် ခံရမှုကြောင့် တစ်ဦး ပြင်းထန်စွာ ဒဏ်ရာရရှိ
https://news-eleven.com/article/63775,မြင်းခြံမြို့နယ်တွင် အစေ့ထုတ်ပြောင်း ဧက ၁၀၀၀ ကျော် စိုက်ခင်းများအတွင်း ငမြောင်တောင်ပိုး ကျရောက်မှုအပေါ် မပြန့်ပွားရေးအတွက် လုပ်ဆောင်နေ
https://news-eleven.com/article/63784,အာရှဖလားယှဉ်ပြိုင်ရမည့် ဆွန်ဟောင်မင် စပါးအသင်း၏ ပွဲစဉ်(၃)ပွဲကို လွဲချော်မည်
https://news-eleven.com/article/63772,မန်ယူအသင်း၏ လေ့ကျင့်ရေးကွင်းသို့ ယနေ့နံနက်ပိုင်းတွင် ဆိုးလ်ရှား ရောက်ရှိလာခဲ့
https://news-eleven.com/article/63766,ကုန်များတင်ဆောင်လာသော ၁၂ ဘီးယာဉ်တစ်စီး ဂုတ်တွင်းအဆင်းလမ်းတွင် အရှိန်လွန်၍ သစ်ပင်အား ဝင်တိုက်မိပြီး ယာဉ်နောက်လိုက်သေဆုံး
https://news-eleven.com/article/63769,ပြင်သစ်လိဂ်ဖလား ကွာတားဖိုင်နယ်တွင် လက်ရှိချန်ပီယံ PSG အသင်း ဂူအင်ဂမ့်နှင့် ဆုံတွေ့
https://news-eleven.com/article/63751,ဘာစီလိုနာသို့ ရာဘီယူပြောင်းရွှေ့ရန် အကြိုသဘောတူညီမှုရခဲ့ပြီဟု ပြင်သစ်သတင်းစာ ဖော်ပြ
https://news-eleven.com/article/63730,အာဆင်နယ်အသင်းနှင့် လိဂ်ဖလား (Carabao Cup) ပွဲတွင် စပါးကွင်းလယ်လူ အယ်လီ ရေသန့်ဗူးဖြင့် ပစ်ပေါက်ခံရ
https://news-eleven.com/article/63727,အမေရိကန်၏ အချမ်းသာဆုံး ထင်ရှားကျော်ကြားသူများ စာရင်း၌ ဂျော့ချ်လူးကပ် နံပါတ် ၁ နေရာတွင် ရပ်တည်
https://news-eleven.com/article/63715,Forever Group Myanmar Countdown 2019 ဂီတဖျော်ဖြေပွဲအား ရန်ကုန်မြို့ မိုင်ဒါကွင်းတွင် အစီအစဉ်များစွာဖြင့်ပြုလုပ်မည်
https://news-eleven.com/article/63712,လိဂ်ဖလား (Carabao Cup) ဆီမီးဖိုင်နယ်တွင် စပါးနှင့်ချယ်လ်ဆီးအသင်းတို့ တွေ့ဆုံနေ
https://news-eleven.com/article/63709,လန်ဒန်ဒါဘီမှာစပါးရှုံးကြွေးဆပ်ပြီး၊ ချယ်လ်ဆီးနဲ့အတူ ဆီမီးဖိုင်နယ်တက်
https://news-eleven.com/article/63706,ဘေးလ်ရဲ့ဟတ်ထရစ်သွင်းဂိုးနဲ့ ရီးယဲလ်မက်ဒရစ် ဗိုလ်လုပွဲတက်ရောက်
https://news-eleven.com/article/63703,အာဆီယံတက္ကသိုလ်များ အားကစားပြိုင်ပွဲတွင် မြန်မာအားကစားသမားများ အောင်မြင်သင့်သလောက် မအောင်မြင်ခြင်းသည် ငယ်ငယ်က အာဟာရချို့တဲ့ခဲ့ခြင်း အတွက်ဖြစ်ကြောင်း နိုင်ငံတော်၏ အတိုင်ပင်ခံပုဂ္ဂိုလ် ပြောကြား
https://news-eleven.com/article/63700,အာဆီယံတက္ကသိုလ်များ အားကစားပြိုင်ပွဲတွင် မြန်မာအားကစားသမားများ အောင်မြင်သင့်သလောက် မအောင်မြင်ခြင်းသည် ငယ်ငယ်က အာဟာရချို့တဲ့ခဲ့ခြင်း အတွက်ဖြစ်ကြောင်း နိုင်ငံတော်၏ အတိုင်ပင်ခံပုဂ္ဂိုလ် ပြောကြား
https://news-eleven.com/article/63697,ထိုင်းနိုင်ငံတွင် မြန်မာရွှေ့ပြောင်းလုပ်သား မိသားစုလေးဦးအား သတ်ခဲ့သူ တရားခံပြေးနှစ်ဦးကို ဘားအံမြို့နယ်အတွင်း ဖမ်းဆီးရရှိ
https://news-eleven.com/article/63694,စိတ်ဖောက်ပြန်နေသော သားဖြစ်သူက  မိခင်အရင်းကို ၀ါးရင်းတုတ်ဖြင့် ရိုက်သတ်မှု မိုးညှင်းမြို့တွင် ဖြစ်ပွား
https://news-eleven.com/article/63691,တစ်သောင်းကျပ်တန် ငွေစက္ကူအတု လက်ဝယ်တွေ့ရှိသူတစ်ဦး ထပ်မံဖမ်းဆီးခံရပြန်၊ ငွေစက္ကူအတုများ လက်ဝယ်တွေ့ရှိရုံဖြင့်ပင် ဖမ်းဆီးအရေးယူခံရနိုင်သည့် အခြေအနေအပေါ် ပြည်သူများအကြား စိုးရိမ်မှုများရှိနေ
https://news-eleven.com/article/63685,မြန်မာတပ်မတော်နှင့်ဆက်စပ်နေသော Page များနှင့် account ရာပေါင်းများစွာကို ဖယ်ရှားခဲ့သည်ဟု Facebook ထုတ်ဖော်ပြောကြား
https://news-eleven.com/article/63682,မြေမြှုပ်မိုင်းကြောင့် ထိခိုက်ဒဏ်ရာ ရရှိမှုတွင် မြန်မာနိုင်ငံက ကမ္ဘာ့ငါးခုမြောက်နိုင်ငံ၌ တည်ရှိနေပြီး တရားဝင်မိုင်း ရှင်းလင်းခြင်းလုပ်ဆောင်ချက်မှာ သုညရာခိုင်နှုန်းသာ ရှိနေဟုဆို
https://news-eleven.com/article/63688,ရခိုင်ပြည်နယ်၌ ကမန်တိုင်းရင်းသားအဖြစ် မှတ်ပုံတင်ထုတ်ပေးခဲ့သည့် ၃၃၀၆ ဦးအနက် ဘင်္ဂါလီနှင့် အိန္ဒိယတို့နွှယ်သော ၂၁ ဦး ပါဝင်နေ၍  တာဝန်ရှိသူများကို အရေးယူသွားမည်ဖြစ်ကြောင်း ပြည်ထောင်စုဝန်ကြီးပြောကြား
https://news-eleven.com/article/63679,ဇေကမ္ဘာကုမ္ပဏီအား စည်းကမ်းလိုက်နာသောကုမ္ပဏီအဖြစ် လုပ်ထုံးလုပ်နည်းများနှင့်အညီ တည့်မတ်ရန် မကြိုးစားသည့်အပြင် ရှေ့နေချုပ်ရုံး သဘောထားမှတ်ချက်ကို လျစ်လျူရှုပြီး လုပ်ငန်းရှင်အလိုကျ ပြည်သူ့ဆောက်လုပ်ရေးလုပ်ငန်းက အချိန်ဆွဲနေခြင်းသည် နိုင်ငံ့ဝန်ထမ်းဥပဒေနှင့် ငြိစွန်းသည့်အတွက် ဝန်ကြီးဌာနမှ တာဝန်ရှိသူများအား အရေးယူဆောင်ရွက်သင့်ဟုဆို
https://news-eleven.com/article/63676,သတိပြုသင့်သည့် ငွေစက္ကူအတုပြဿနာ
https://news-eleven.com/article/63673,ကျန်းမာရေးဝန်ကြီးဌာနအောက်ရှိ ဆေးသုတေသနဦးစီးဌာန (ပြင်ဦးလွင်) အား သုတေသန လေ့ကျင့်ရေးဗဟိုဌာန (Research Training Centre) အဖြစ် လုပ်ဆောင်မည်
https://news-eleven.com/article/63670,ကျိုးကျခဲ့သည့် ခုနှစ်ရောင်စုံတံတားနံဘေးရှိ ယာယီဘေလီတံတား သွားလာခွင့်ပြုပြီး တစ်ရက်အကြာတွင် တောင်ကျရေကြောင့် တံတားချဉ်းကပ်လမ်းများ ပြိုကျပြီး သွားလာမှုရပ်ဆိုင်း
https://news-eleven.com/article/63664,သရုပ်ဆောင် မိုးအောင်ရင် အမှုနှင့် ကချင်စစ်ပွဲကြောင့် ပိတ်မိနေသူ ခေါ်ယူရေး ဆန္ဒပြပွဲဦးဆောင်သူတို့ အမှုများနှင့် ပတ်သက်၍ တရားစီရင်ရေးနှင့် ဥပဒေရေးရာ ကော်မတီအနေဖြင့် တရားမျှတမှု ရှိ၊ မရှိ ပြည်သူများသိအောင် ထုတ်ပြန်ပေးပါက လွှတ်တော်ကို ပိုမိုယုံကြည်လာမည် ဖြစ်ကြောင်း လွှတ်တော်ကိုယ်စားလှယ် ပြောကြား
https://news-eleven.com/article/63661,နိုင်ငံတော်အနေဖြင့် ကျောင်းများတွင် နွားနို့တိုက်နိုင်ရန် စပြီးဦးတည်နေကြောင်း နိုုင်ငံတော်၏ အတိုင်ပင်ခံပုဂ္ဂိုလ် ပြောကြား
https://news-eleven.com/article/63658,အိမ်ရာလိုအပ်နေသူ ပြည်သူအများစုမှာ ငွေစုဆောင်းသည့် အလေ့အထနည်းပါးနေပြီး လက်ရှိအချိန်အထိ CHID ဘဏ်တွင် အိမ်ရာဝယ်ယူလိုသူ  ၂၅၀၀၀ ခန့်က အိမ်ရာစုဆောင်းငွေစာရင်း ဖွင့်လှစ်၍ ကျပ် ၂၂ ဘီလျံခန့်စုဆောင်းထား
https://news-eleven.com/article/63655,လူ့ဘောင်သစ် ဒီမိုကရက်တစ်ပါတီ ပထမအကြိမ် နိုင်ငံလုံးဆိုင်ရာ စုံညီအစည်းအဝေး ပြင်ဦးလွင်မြို့တွင် ပြုလုပ်လျက်ရှိပြီး ပါတီခေါင်းဆောင်ပိုင်း နေရာများ ပြန်လည်ရွေးချယ်မည်
https://news-eleven.com/article/63652,အပ်ထားသည့် ကျပ် ၁၀၀၀ မပေး၍ စကားများရာမှ သားဖြစ်သူက ဖခင်အား ဓားဖြင့်ထိုးသတ်မှု တောင်ဒဂုံမြို့နယ်တွင် ဖြစ်ပွား
https://news-eleven.com/article/63649,ဝန်ကြီးဌာနများက ချေးငွေများကို အကျိုးရှိရှိ ထိထိရောက်ရောက် သုံးစွဲနိုင်ရန်နှင့် ချေးငွေချေးယူပြီး ဆောင်ရွက်သည့် စီမံကိန်းများကို လေ့လာဆန်းစစ်မှုများပြုလုပ်ကာ လုပ်ငန်းစဉ် တိတိကျကျ ချမှတ်ကျင့်သုံးသင့်ကြောင်း လွှတ်တော်ကိုယ်စားလှယ်များ ထောက်ပြ
https://news-eleven.com/article/63646,ရခိုင်အရေးကိစ္စတွင် နိုင်ငံတကာမှ တစ်ဖက်သတ်စွပ်စွဲမှု၊ ဖိအားပေးမှုများကို ထိရောက်စွာတုံ့ပြန်နိုင်ရန်နှင့် ပကတိအနေအထားကို ပိုမိုသိရှိနိုင်စေရန် အစိုးရအနေဖြင့် ပြည်တွင်းပြည်ပအဖွဲ့အစည်းများနှင့် သတင်းမီဒီယာများ လွတ်လပ်စွာ သွားလာခွင့်ပေးသင့်ဟု အကြံပြု
https://news-eleven.com/article/63643,တစ်နိုင်ငံလုံး အတိုင်းအတာဖြင့် ဂျပန်ဦးနှောက်ရောင် ကာကွယ်ဆေး ထိုးနှံပြီးနောက် ရောဂါဖြစ်ပွားနှုန်း သိသာစွာကျဆင်းပြီး ယခုနှစ်အတွင်း ရောဂါဖြစ်ပွားသူ ၁၀၇ ဦးရှိခဲ့
https://news-eleven.com/article/63640,ထိုင်းနိုင်ငံတွင် အချုပ်ကျခံရပြီးနောက် ပြန်လည်လွတ်မြောက်လာသော မြန်မာရွှေ့ပြောင်းလုပ်သား ၉၉ ဦး ကော့သောင်းနယ်စပ်ဂိတ်သို့ ပြန်လည်ဝင်ရောက်လာ
https://news-eleven.com/article/63637,ငါးရှာသွားရင်း ပျောက်ဆုံးနေသည့် အထက်ပြူးမ ကျေးရွာသားနှစ်ဦး၏အလောင်း ပြူးမချောင်းကမ်းပါးတွင် တွေ့ရှိ
https://news-eleven.com/article/63634,တောင်ကိုရီးယားတွင် သီးနှံလှောင်ကန်များအား ကမ္ဘာ့အကြီးဆုံး နံရံဆေးရေးအဖြစ် အသွင်ပြောင်း
https://news-eleven.com/article/63631,မြို့ပြယာဉ်မောင်းနှင်ခြင်းကို တော်လှန်မည့် မြေအောက်ဥမင်လမ်းအား အီလန်မက်စ်က ထုတ်ဖော်ပြသ
https://news-eleven.com/article/63628,ပြည်ဒေသထွက် မုန်လာဥများ ပိုးကိုက်မှုကြောင့် နုတ်ယူခြင်းမရှိဘဲ အခင်းလိုက်ပစ်ထားရ၍ တောင်သူများ အရှုံးနှင့်ရင်ဆိုင်နေရ
https://news-eleven.com/article/63637,ငါးရှာသွားရင်း ပျောက်ဆုံးနေသည့် အထက်ပြူးမ ကျေးရွာသားနှစ်ဦး၏အလောင်း ပြူးမချောင်းကမ်းပါးတွင် တွေ့ရှိ
https://news-eleven.com/article/63634,တောင်ကိုရီးယားတွင် သီးနှံလှောင်ကန်များအား ကမ္ဘာ့အကြီးဆုံး နံရံဆေးရေးအဖြစ် အသွင်ပြောင်း
https://news-eleven.com/article/63631,မြို့ပြယာဉ်မောင်းနှင်ခြင်းကို တော်လှန်မည့် မြေအောက်ဥမင်လမ်းအား အီလန်မက်စ်က ထုတ်ဖော်ပြသ
https://news-eleven.com/article/63628,ပြည်ဒေသထွက် မုန်လာဥများ ပိုးကိုက်မှုကြောင့် နုတ်ယူခြင်းမရှိဘဲ အခင်းလိုက်ပစ်ထားရ၍ တောင်သူများ အရှုံးနှင့်ရင်ဆိုင်နေရ
https://news-eleven.com/article/63625,ဗဟိုအမေရိကနှင့် မက္ကဆီကိုတွင် ဒေါ်လာ ၄.၅ ဘီလျံ ရင်းနှီးမြှုပ်နှံမည်ဟု အမေရိကန်က ကတိပေး
https://news-eleven.com/article/63622,အမေရိကန်သို့ အထည်တင်ပို့သည့် တရုတ် ထိန်းသိမ်းရေးစခန်းရှိစက်ရုံတွင် အဓမ္မခိုင်းစေမှု ရှိခဲ့ကြောင်း သတင်းထွက်
https://news-eleven.com/article/63619,လားရှိုး-မူဆယ် ပြည်ထောင်စု ကားလမ်းမကြီးပေါ်တွင် နွားများတင်ဆောင်လာသည့် ကားတစ်စီး အရှိန်မထိန်းနိုင်ဘဲ ရပ်တန့်ထားသည့် ၂၂ ဘီးတွဲကားကို တိုက်မိပြီး တစ်ဦးသေဆုံးကာ ခြောက်ဦးဒဏ်ရာရ
https://news-eleven.com/article/63616,နာဂစ်ကွန်ရက်လမ်း မဟာဗျူဟာလမ်းမကြီး အမှတ် (၅) လမ်းပိုင်းနှင့် တံတားများ ဆိုးရွားစွာ ပျက်စီးနေမှုကို အမြန်ဆုံး ပြင်ဆင်ပေးမည်
https://news-eleven.com/article/63613,မော်လိုက်မြို့မှ မင်းကင်းမြို့သို့ ထွက်ခွွာလာသော ခရီးသည်ယာဉ်တစ်စီး မင်းကင်းမြို့နှင့် မြို့မကျေးရွာအကြား တိမ်းမှောက်၍ ခရီးသည်နှစ်ဦးသေဆုံး
https://news-eleven.com/article/63610,လိုင်ယွန်နှင့်ကစားရမည့် ချန်ပီယံလိဂ်ရှုံးထွက်ပွဲစဉ်မှာ လွယ်ကူမည်မဟုတ်ဟု ဘာစီလိုနာနည်းပြဗယ်လ်ဗာဒီ ပြောကြား 
https://news-eleven.com/article/63607,၂၀၁၈ ခုနှစ် ဧပြီတွင် တိုးမြှင့်ထားသည့် လစာနှုန်းအတိုင်း အငြိမ်းစားနိုင်ငံ့ဝန်ထမ်းများ၏ ပင်စင်လစာများကို ၂၀၁၉ ခုနှစ် ဇန်နဝါရီမှစ၍ တိုးမြှင့်မည်
https://news-eleven.com/article/63604,INF သဘောတူညီချက်မှ အမေရိကန်နုတ်ထွက်ပါက တည်ဆောက်မည့် ဒုံးကျည်အစီအစဉ်များကို ပူတင်က ချပြ
https://news-eleven.com/article/63601,Lowry ဟိုတယ်တွင် မော်ရင်ဟို (၈၉၅)ရက်ကြာ နေထိုင်ခြင်းအတွက် ကုန်ကျစရိတ် ပေါင်(၈)သိန်းနီးပါးရှိ
https://news-eleven.com/article/63598,သတင်းတိုများ စုစည်းဖော်ပြမှု
https://news-eleven.com/article/63595,ဘတ်ရှူအာယီကိုခေါ်ယူရန် အွန်နရီ ပစ်မှတ်ထား
https://news-eleven.com/article/63592,ဆိုလန်ကီအား ကမ်းလှမ်းရန် ခရစ္စတယ်ပဲလေ့စ် စီစဉ်
https://news-eleven.com/article/63589,အစ္စကိုအား ချယ်လ်ဆီး ပေါင်သန်း(၇၀)ဖြင့် ကမ်းလှမ်းမည်
https://news-eleven.com/article/63583,မန်ယူအသင်း၏ယာယီနည်းပြအဖြစ် ကစားသမားဟောင်း ဆိုးလ်ရှားကို ရာသီကုန်အထိ တရားဝင်ခန့်အပ်
https://news-eleven.com/article/63565,အူဘာမီယန်းကို ငှက်ပျောခွံဖြင့်ပစ်သည့်ပရိသတ် (၄)နှစ်ပွဲကြည့်ခွင့် ပိတ်ခံရပြီး ဒဏ်ငွေပေါင်(၅၀၀) ချမှတ်ခံရ
https://news-eleven.com/article/63538,Demetrious Johnson သိထားသော ONE Championship အကြောင်း
https://news-eleven.com/article/63532,ဘွန်ဒစ်လီဂါပွဲစဉ်များ နှင့် ဖီဖာကလပ်ကမ္ဘာ့ဖလားဆီမီးဖိုင်နယ်ပွဲစဉ် ပွဲကြိုသုံးသပ်ချက်  
https://news-eleven.com/article/63517,ကျောက်ကြီးမြို့နယ်တွင် နေအိမ်ခြံဝင်းအတွင်းမှ စစ်ကျန် လေယာဉ်ချဗုံးသီးတစ်လုံးတွေ့ရှိ
https://news-eleven.com/article/63514,BTS အဖွဲ့က တောင်ကိုရီးယားနိုင်ငံ၏ စီးပွားရေးအတွက် ဒေါ်လာ ၃.၆ ဘီလျံကျော် ရှာဖွေပေးခဲ့
https://news-eleven.com/article/63511,တိုက်ပွဲများကြောင့် ပုဏ္ဏားကျွန်းမြို့နယ်မှ နေရပ်စွန့်ခွာ တိမ်းရှောင်လာကြသူများ ဘူးသီးတောင်မြို့နယ်သို့ ရောက်ရှိ
https://news-eleven.com/article/63508,မောင်တော မြောက်ပိုင်း ပြူးမချောင်းတွင် ငါးဖမ်းနေစဉ် ဘင်္ဂါလီများ လာရောက် တိုက်ခိုက်သဖြင့် ကြိမ်ချောင်းကျေးရွာနေ မရာမာကြီး တိုင်းရင်းသားနှစ်ဦး ဒဏ်ရာရရှိ
https://news-eleven.com/article/63505,‘ကိုယ်စောင့်နတ်’ ရုပ်ရှင်ဇာတ်ကားကို ဒီဇင်ဘာ ၂၈ ရက်မှ စတင်ကာ မြန်မာနိုင်ငံတစ်ဝန်း၌ ရုံတင်ပြသမည်
https://news-eleven.com/article/63529,လိဂ်ဖလားကွာတားဖိုင်နယ်ပွဲစဉ်များ ပွဲကြိုသုံးသပ်ချက်    
https://news-eleven.com/article/63490,မော်ရင်ဟိုအား ထုတ်ပယ်ခဲ့ပြီးနောက် ဆိုးလ်ရှားကို ယာယီနည်းပြအဖြစ်ခန့်အပ်သည်ဆိုသည့် သတင်းများထွက်ပေါ်ခဲ့ 
https://news-eleven.com/article/63487,GGS ကုမ္ပဏီ ပေးသွင်းရမည့် ဂက်စ်ဖိုး ကျပ်ရှစ်ဘီလျံကျော်ကို ပြည်ထောင်စု ဘတ်ဂျက်ထဲမှ ကြားဖြတ် ဖြည့်ဆည်းထားပေးရသည့်ကိစ္စ လျှပ်စစ်စွမ်းအင်ဝန်ကြီးဌာနအနေဖြင့် ဖြေရှင်းချက် ပေးစေချင်ကြောင်း လွှတ်တော်ကိုယ်စားလှယ် တောင်းဆို 
https://news-eleven.com/article/63484,ဆေးလက်တွေ့ ပါရဂူဘွဲ့အတွက် တင်သွင်းသော ကျမ်းကြီးအတွက် စမ်းသပ်ခံ လူနာ၏ နစ်နာရမှုနှင့် ပတ်သက်၍ ကင်ဆာ အထူးကုဆရာဝန်ကြီးတစ်ဦးက ကျန်းမာရေးဝန်ကြီးဌာနသို့ အိတ်ဖွင့်ပေးစာ ရေးသားခဲ့သော်လည်း ဝန်ကြီးဌာနဘက်မှ တုံ့ပြန်မှု တစ်စုံတစ်ရာမရှိဟု သိရ
https://news-eleven.com/article/63481,သန်လျင်မြို့နယ်ရှိ နေအိမ်တစ်အိမ်၌ အဝီစိတွင်း တူးရာတွင် မြေအောက်မှ ဓာတ်ငွေ့တစ်မျိုး ထွက်လာသည့်အတွက် တာဝန်ရှိသူများ စစ်ဆေးနေ
https://news-eleven.com/article/63478,လောင်းကစားကြွေး ကျပ်သိန်း ၂၀ ခန့် ရှိသည်ဟုဆိုသည့် အမျိုးသားတစ်ဦး ဆွဲကြိုးချသေဆုံးမှု မြောက်ဥက္ကလာပမြို့နယ်တွင် ဖြစ်ပွား
https://news-eleven.com/article/63475,သရုပ်ဆောင် အောင်ရဲထွေးမှာ ဦးနှောက် ဖိညှပ်ခံရခြင်း၊ ဦးနှောက် ဖူးရောင်ခြင်းစသည့် ဒဏ်ရာများကြောင့် သေဆုံးခဲ့ခြင်း ဖြစ်ကြောင်း မှုခင်းဆရာဝန် ထွက်ဆို
https://news-eleven.com/article/63472,လက်ရှိ ဘဏ္ဍာနှစ် နှစ်လအတွင်း ပြည်ပသို့ CMP လုပ်ငန်းအများစု ပါဝင်သည့်  စက်မှုကုန်ချောပစ္စည်း တင်ပို့မှုမှ ဒေါ်လာ ၁ ဒသမ ၃ ဘီလျံကျော် ရရှိထားပြီး ယခင်နှစ် ကာလတူထက် ဝင်ငွေဒေါ်လာ သန်း ၂၉၀ ကျော် ပိုမိုရရှိ
https://news-eleven.com/article/63469,ရီးယဲလ်မက်ဒရစ်အကြောင်းကို ကော်တိုအာကောင်းကောင်းနားမလည်သေးကြောင်း ဆယ်လ်ဂါဒို ပြောကြား
https://news-eleven.com/article/63463,လှော်ကား၊ ကန်တော်ကြီး၊ အင်းလျားကန် အစရှိသည့် ရေပြင်၊ စိမ်းလန်းမြေနှင့် ပန်းခြံနေရာများကို ရန်ကုန်မြို့၏ မြို့ပြ သဘာဝပတ်ဝန်းကျင်စနစ် ရေရှည်ထိန်းသိမ်း စောင့်ရှောက်ရန်ဧရိယာအဖြစ် သတ်မှတ်
https://news-eleven.com/article/63460,အဝလွန်ကဲသော အမျိုးအစား (၂) ဆီးချိုသွေးချို ရောဂါရှိသူများ အူလမ်းကြောင်းဆိုင်ရာ ခွဲစိတ်မှုကုထုံးဖြင့် ကုသပါက ၈၅ ရာခိုင်နှုန်းအထိ ပျောက်ကင်းနိုင်
https://news-eleven.com/article/63457,မန်ယူအသင်းနည်းပြရာထူးမှ မော်ရင်ဟိုထုတ်ပယ်ခံရပြီးနောက် ဘောလုံးလောကသားများ၏ ပြောစကားများနှင့် နောက်ဆုံးရသတင်းများ
https://news-eleven.com/article/63454,အကောင်းဆုံးပုံစံဖြင့် မော်ရင်ဟို ပြန်လာလိမ့်မည်ဟု ချယ်လ်ဆီးအသင်းလက်ထောက်နည်းပြ ဇိုလာပြောကြား
https://news-eleven.com/article/63451,ဒဂုံဆိပ်ကမ်းမြို့နယ်တွင် ၁၂ နှစ်​အရွယ်​ မိန်​းက​လေးအား သားမယားပြုကျင့်မှုမှ အမျိုးသားနှစ်​ဦးကို ထောင်​ဒဏ်​ ၂၀ နှစ်​စီချမှတ်​
https://news-eleven.com/article/63448,၁၁ လအတွင်း သွေးလွန်တုပ်ကွေး ဖြစ်ပွားသူ ၂၂၂၀၄ ဦး ရှိခဲ့ပြီး ၁၀၇ ဦး သေဆုံးခဲ့သည်ဟု ပြည်ထောင်စုဝန်ကြီးပြောကြား
https://news-eleven.com/article/63439,ဖာဂူဆန်နောက်ပိုင်း မော်ရင်ဟိုမှာ မန်ယူအသင်းအတွက်အကောင်းဆုံးနည်းပြဖြစ်သည်ဟု ဂျရတ်ဆို
https://news-eleven.com/article/63436,ဗာတွန်ဂန်အား စပါးအသင်းတစ်နှစ်သက်တမ်းတိုး စာချုပ်ချုပ်ဆို
https://news-eleven.com/article/63433,ယခုကဲ့သို့ ဆုများရရှိရန်မမျှော်လင့်ခဲ့ဟု ဥရောပရွှေဖိနပ်ဆုကို (၅) ကြိမ်မြောက်ရယူနိုင်ခဲ့သည့် မက်ဆီ ပြောကြား
https://news-eleven.com/article/63430,၂၀၁၈ နှစ်စမှ နိုဝင်ဘာလအထိ ပြည်ပသို့ တရားဝင် သွားရောက်လုပ်ကိုင်သူ နှစ်သိန်းကျော် ရှိနေ
https://news-eleven.com/article/63427,ယခုလ နောက်ဆုံးပတ်အတွင်း ဘင်္ဂလားပင်လယ်အော်တွင် လေဖိအားနည်းရပ်ဝန်း တစ်ကြိမ် ထပ်မံဖြစ်ပေါ်နိုင်
https://news-eleven.com/article/63424,မန်ယူနည်းပြရာထူးမှ မော်ရင်ဟိုထုတ်ပယ်ခံရခြင်းအတွက် ကလော့ပ်ကို နိုင်ဂျီးရီးယားနိုင်ငံမှ မန်ယူပရိသတ်များအပြစ်တင်
https://news-eleven.com/article/63421,မြေကွက်ပုံစံ (၇) အတုပြုလုပ်ပြီး ကျပ်သိန်း ၃၉၅၀ ဖြင့်ရောင်းချခဲ့သည့်အတွက် အဂတိလိုက်စားမှုတိုက်ဖျက်ရေး ဥပဒေပုဒ်မ  ၅၆ ဖြင့် တရားစွဲဆိုခံထားရသည့် ကျိုက်ထိုမြို့နယ် ကင်မွန်းချောင်းကျေးရွာ အုပ်ချုပ်ရေးမှူးဟောင်းအား အလုပ်နှင့် ထောင်ဒဏ်ခုနစ်နှစ် ကျခံစေရန် အမိန့်ချ
https://news-eleven.com/article/63418,မန်ယူနည်းပြရာထူးအတွက် ရေပန်းစားနေခြင်းနှင့်ပတ်သက်ပြီး အခြားကလပ်အသင်း၏ ပြဿနာကို စိတ်မဝင်စားကြောင်း ပိုချက်တီနို တုံ့ပြန်
https://news-eleven.com/article/63415,ထိုင်းနိုင်ငံမှ ငါးခိုးဖမ်းလှေကြီးများ မြန်မာ့ရေပိုင်နက် (ကော့သောင်းရေပြင်) အတွင်း ဝင်ရောက်ဖမ်းဆီးမှု နေ့စဉ်နီးပါးရှိနေ
https://news-eleven.com/article/63412,ဂုဏ်သိက္ခာဟူသည် . . .
https://news-eleven.com/article/63409,ပြည်ပအလုပ်အကိုင်အကျိုးဆောင်လိုင်စင်ရ ပုဂ္ဂလိကအေဂျင်စီများနှင့် သက်ဆိုင်ရာ အစိုးရဌာနဆိုင်ရာများအနေဖြင့် ဖြောင့်မတ်မှန်ကန်စွာ ဥပဒေ၊ ကျင့်ဝတ်များနှင့်အညီ ဆောင်ရွက်ရန် ဒုတိယသမ္မတ တိုက်တွန်း
https://news-eleven.com/article/63403,ရုရှားနှင့်တရုတ်တို့က ဆွေးနွေးမှုများကို သပိတ်မှောက်နေသော်လည်း ကုလသမဂ္ဂလုံခြုံရေးကောင်စီက မြန်မာနိုင်ငံအား အရေးယူရန်စဉ်းစားနေ
https://news-eleven.com/article/63400,တောင်ကိုရီးယားဖောင်ဒေးရှင်းက ဒေါ်အောင်ဆန်းစုကြည်ထံမှ ဂုဏ်ပြုဆုကို ရုပ်သိမ်းရန်ဆုံးဖြတ်
