http://mizzimaburmese.com/article/53482,အမေရိကန် အချုပ်ခန်းမှာ သေဆုံးတဲ့ ဂွါတီမာလာက ခုနစ်နှစ် သမီးလေးကို နာရေးချ
http://mizzimaburmese.com/article/53477,ကြံခင်းထဲမှာ ပြန်ရှာတွေ့ခဲ့တဲ့ မြန်မာကလေးငယ်အလောင...
http://mizzimaburmese.com/article/53473,တရုတ်မှာ မျိုးသုဉ်းမယ့်အရေး စိုးရိမ်နေရတဲ့ လင်းရှ...
http://mizzimaburmese.com/article/53462,ဝေလငါးတွေကို စီးပွားဖြစ် ဖမ်းဆီးဖို့အတွက် နိုင်...
http://mizzimaburmese.com/article/53461,လစ်ဗျား နိုင်ငံခြားရေးဝန်ကြီးဌာနကို အိုင်အက်စ်...
http://mizzimaburmese.com/article/53458,ထိုင်းပြည်သူတွေအတွက် နှစ်ကူးလက်ဆောင်ဆိုပြီး လွှတ်...
http://mizzimaburmese.com/article/53457,အင်ဒိုနီးရှား ဆူနာမီ သေဆုံးသူ ၄၂၉ ဦး အထိ ရှိလာ
http://mizzimaburmese.com/article/53456,အာဖဂန်နစ္စတန်မှာ အစိုးရဝန်ထမ်းအိမ်ရာဝင်းကို တိုက်...
http://mizzimaburmese.com/article/53449,အိန္ဒိယမှာ ကားအစီး ၅၀ ဆင့်တိုက်၊ လူ ၈ ဦး သေဆုံး
http://mizzimaburmese.com/article/53448,အမေရိကန်စီးပွားရေးရဲ့ တစ်ခုတည်းသော ပြဿနာက ဗဟိုဘဏ်...
http://mizzimaburmese.com/article/53442,ရေလွှာလျှောစီးတဲ့ ဆန်တာကလော့စ်
http://mizzimaburmese.com/article/53438,အီတလီမှာ မီးတောင်ပေါက်ကွဲ၊ ကောင်းကင်သို့ ပြာမှုန်...
http://mizzimaburmese.com/article/53436,အင်ဒိုနီးရှား ဆူနာမီကြောင့် သေဆုံးသူဦးရေ ၃၇၀ ကျော...
http://mizzimaburmese.com/article/53482,အမေရိကန် အချုပ်ခန်းမှာ သေဆုံးတဲ့ ဂွါတီမာလာက ခုနစ်နှစ် သမီးလေးကို နာရေးချ
http://mizzimaburmese.com/article/53434,မက္ကဆီကို ပြည်နယ်အုပ်ချုပ်ရေးမှူးနှင့် လွှတ်တော်...
http://mizzimaburmese.com/article/53430,ဖမ်းဆီးထားတဲ့ ကနေဒါနိုင်ငံသားတွေကို ပြန်လွှတ်...
http://mizzimaburmese.com/article/53425,ဘုရင်မင်းမြတ်အဖြစ် နောက်ဆုံး ၈၅ နှစ်ပြည့် မွ...
http://mizzimaburmese.com/article/53414, အာဂျင်တီးနားမှာ ဘတ်စ်ကားတစ်စီး လမ်းဘေးထိုးကျ တိမ...
http://mizzimaburmese.com/article/53411,ထိုင်းမှာ ခရစ္စမတ်အကြို ဆန်တာလိုမျိုး ပြင်ဆင်ဝတ်...
http://mizzimaburmese.com/article/53409,အင်ဒိုနီးရှားသမ္မတ ဂျိုကိုဝီ ဆူနာမီဖြစ်ခဲ့တဲ့...
http://mizzimaburmese.com/article/53407,နုတ်ထွက်ထားတဲ့ ကာကွယ်ရေးဝန်ကြီးနေရာမှာ လက်ထောက်ဖြ...
http://mizzimaburmese.com/article/53404,လူပေါင်း ၂၀၀ ကျော် သေဆုံးထားတဲ့ အင်ဒိုနီးရှားမှာ...
http://mizzimaburmese.com/article/53398,အင်ဒိုနီးရှား ဆူနာမီကြောင့် သေဆုံးသူဦးရေ ၁၇၀ နီးပ...
http://mizzimaburmese.com/article/53396,ခွေးချစ်သူတွေကို အထူးဆွဲဆောင်နေတဲ့ ရှန်ဟိုင်းမြ...
http://mizzimaburmese.com/article/53392,ဘေးမဲ့ပေးထားတဲ့ ပင်လယ်ဖျံတွေကြောင့် ချီလီနိုင်ငံက...
http://mizzimaburmese.com/article/53391,ရပ်ဆိုင်းသွားသည့် အမေရိကန် အစိုးရယန္တရားတစ်ချို့...
http://mizzimaburmese.com/article/53482,အမေရိကန် အချုပ်ခန်းမှာ သေဆုံးတဲ့ ဂွါတီမာလာက ခုနစ်နှစ် သမီးလေးကို နာရေးချ
http://mizzimaburmese.com/article/53389,အင်ဒိုနီးရှားမှာ ဆူနာမီကြောင့် လူပေါင်း ၄၃ ဦးထက်...
http://mizzimaburmese.com/article/53386,ဆိုမာလီ သမ္မတအိမ်တော်ရာအနီး ကားဗုံးနှစ်ကြိမ်ဆင့်...
http://mizzimaburmese.com/article/53379,ခရစ္စမတ်ပွဲတော်ကာလအတွင်း ထိုင်ဝမ်ရှိ ခရစ္စမတ်ကျွန...
http://mizzimaburmese.com/article/53375,ဖိလစ်ပိုင်နိုင်ငံ၊ မနီလာမြို့တွင် ခရစ္စမတ်ပွဲတော်...
http://mizzimaburmese.com/article/53374,ဗီယက်နမ်ရဲ့ ရောင်းအားကောင်းတဲ့ အစားအစာတွေထဲမှာ...
http://mizzimaburmese.com/article/53371,ချက်သမ္မတနိုင်ငံက ကျောက်မီးသွေးမိုင်းတွင်းမှာ မြ...
http://mizzimaburmese.com/article/53373,ကမ္ဘာမှာ တစ်ကောင်တည်း ရှိနိုင်တဲ့ ရှားပါး ဆွတ်ဆွတ...
http://mizzimaburmese.com/article/53368,ကာ့ဒ်ပြည်သူ့စစ်တွေနဲ့ အိုင်အက်စ်တွေကို ရှင်းထုတ်...
http://mizzimaburmese.com/article/53367,မက္ကဆီကို နယ်ခြားတံတိုင်း ရန်ပုံငွေ မရှိရင်...
http://mizzimaburmese.com/article/53360,စပိန်ကက်ဘိနက်အစည်းအဝေးကို ဆန္ဒပြတဲ့ ကက်တလန်ခွဲထွက...
http://mizzimaburmese.com/article/53361,ဟယ်ရီပေါ်တာဇာတ်ကားထဲက စာကြည့်တိုက်လို မှော်ဆန်တဲ့...
http://mizzimaburmese.com/article/53356,သြစတြေးလျနိုင်ငံ၊ ဆစ်ဒနီမြို့တွင် မိုးသီးကြွေမှုက...
http://mizzimaburmese.com/article/53482,အမေရိကန် အချုပ်ခန်းမှာ သေဆုံးတဲ့ ဂွါတီမာလာက ခုနစ်နှစ် သမီးလေးကို နာရေးချ
http://mizzimaburmese.com/article/53355,ခရီးသည် ထောင်ပေါင်းများစွာ သောင်တင်မှု ဖြစ်ခဲ့တဲ့...
http://mizzimaburmese.com/article/53353,အာဂျင်တီးနားမှာ ရေနံကုမ္ပဏီကြီးတွေက အဆိပ်အတောက်ပ...
http://mizzimaburmese.com/article/53350,ဆားဘီးယားနိုင်ငံက မြေအောက်အနက် မီတာ ၄၀၀ ခန့်မှာ ဖ...
http://mizzimaburmese.com/article/53344,အီရတ်မှာ အိုင်အက်စ်ရဲ့ နှိပ်စက်ခံ ရာဇီဒီအမျ...
http://mizzimaburmese.com/article/53343,ထရမ့်ရဲ့ ဆီးရီးယားက တပ်တွေ ရုပ်သိမ်းမိန့်ကြောင့်...
http://mizzimaburmese.com/article/53342,ဗြိတိန်မှာ လေယာဉ်ကွင်းအပေါ် ဒရုန်းယာဉ်တွေ ပျံသန်...
http://mizzimaburmese.com/article/53339,ရွေးကောက်ပွဲ ခြိမ်းခြောက်သတ်ဖြတ်မှုတွေကြောင့် ဘင်...
http://mizzimaburmese.com/article/53336,ရုရှားနိုင်ငံကို ကမ္ဘာ့ စီးပွားရေး အင်အားကြီးနိုင...
http://mizzimaburmese.com/article/53335,တောင်ကိုရီးယား အနုပညာပြပွဲမှာ ကင်မ်ဂျုံအန်းနဲ့ ဒေ...
http://mizzimaburmese.com/article/53326,ဆန်တာကလော့စ်ဦးထုပ်ဆောင်းပြီး ကလေးဆေးရုံမှာ...
http://mizzimaburmese.com/article/53320,တောင်ကိုရီးယားမှာ သီးနှံသိုလှောင်ရုံတစ်ခုကို...
http://mizzimaburmese.com/article/53312,ဆီးရီးယားမှာ အိုင်အက်စ်တွေအပေါ် စစ်ပွဲအနိုင်ရပြ...
http://mizzimaburmese.com/article/53482,အမေရိကန် အချုပ်ခန်းမှာ သေဆုံးတဲ့ ဂွါတီမာလာက ခုနစ်နှစ် သမီးလေးကို နာရေးချ
http://mizzimaburmese.com/article/53313,တတိယမြောက် ကနေဒါနိုင်ငံသားကို ဖမ်းထားတယ်ဆိုတာကို...
http://mizzimaburmese.com/article/53306,မြို့ပြယာဉ်အသွားအလာစနစ်ကို ပြောင်းလဲပစ်မယ့် အီလွန...
http://mizzimaburmese.com/article/53304,အိန္ဒိယက တောအုပ်တစ်ခုထဲမှာ ကျင်းပတဲ့ ထူးခြားတဲ့...
http://mizzimaburmese.com/article/53292,တပ်နှင့် ဆက်နွယ်နေသည့် အကောင့်နှင့် စာမျက်နှာမျ...
http://mizzimaburmese.com/article/53289,ဆီးရီးယား ဖွဲ့စည်းပုံသစ် ရေးဆွဲနိုင်ရေး ရုရှ၊...
http://mizzimaburmese.com/article/53287,ဘရာဇီး ဆင်းရဲသားရပ်ကွက်မှာ မီးကြီးလောင်၍ အိမ်ခြ...
http://mizzimaburmese.com/article/53285,လက်ဘနွန်ဖက်က တူးဖောက်ထားတဲ့ မြေအောက်တိုက်ခိုက်...
http://mizzimaburmese.com/article/53281,မွမ်ဘိုင်းက ပြည်သူ့ဆေးရုံမှာ မီးလောင်တာကြောင့် လူ...
http://mizzimaburmese.com/article/53273,တရုတ်နိုင်ငံ သွားနေသည့် လမ်းကြောင်းကို ဘယ်သူမှ...
http://mizzimaburmese.com/article/53268,ဘရာဇီးက ပုဂ္ဂလိကပိုင် ရေနံချက်စက်ရုံ မီး အကြီးအကျ...
http://mizzimaburmese.com/article/53264,ပါရီမြို့ရှိ ကမ္ဘာ့အကြီးမားဆုံး စကိတ်ကွင်းကို...
http://mizzimaburmese.com/article/53263,အိန္ဒိယမှာ ၂ ရက်တာ ကျင်းပပြုလုပ်ခဲ့တဲ့ အိမ်မွ...
http://mizzimaburmese.com/article/53482,အမေရိကန် အချုပ်ခန်းမှာ သေဆုံးတဲ့ ဂွါတီမာလာက ခုနစ်နှစ် သမီးလေးကို နာရေးချ
http://mizzimaburmese.com/article/53260,ဘရစ်ဇစ်သဘောတူညီမှုကို ဇန်နဝါရီ တတိယပတ်မှာ မဲခွ...
http://mizzimaburmese.com/article/53259,အစ္စရေးနှစ်ဦးကို သတ်ဖြတ်တဲ့ ပါလက်စတိုင်းအမျ...
http://mizzimaburmese.com/article/53258,စပိန်မှာ သားမွေးအကျႌလုပ်ငန်းကို တက်ကြွလှုပ်ရှ...
http://mizzimaburmese.com/article/53255,ဖမ်းဆီးခံ တရုတ်ရှေ့နေရဲ့ ဇနီးသည်နဲ့ ထောက်ခံသူတွေက...
http://mizzimaburmese.com/article/53246,အမေရိကန် ဆန်ရှင်ချမှတ်မှု မြောက်ကိုရီးယား ပြစ်တင်
http://mizzimaburmese.com/article/53242,ပလတ်စတစ်ပစ္စည်းများ လုံးဝမသုံးဘဲ ၂ နှစ်ကျော်...
http://mizzimaburmese.com/article/53239,အင်ဒိုနီးရှားရှိ ဆိုပူတန်မီးတောင်ပေါက်ကွဲ၊ ဒေသခံမ...
http://mizzimaburmese.com/article/53238,စံချိန်တင် များပြားတဲ့ ဆင်စွယ် ၃ တန်ကျော်...
http://mizzimaburmese.com/article/53236,ထိုင်းနိုင်ငံ မဲဆောက်မှာ မြန်မာမိသားစုတစ်စု ရက်ရက...
http://mizzimaburmese.com/article/53233,ယီမင်မှာ အပစ်ရပ်သဘောတူထားပြီးနောက် တိုက်ပွဲတွေ ထပ...
http://mizzimaburmese.com/article/53232,ဂျပန်က စားသောက်ဆိုင်တစ်ဆိုင်မှာ ဆိုးဆိုးဝါးဝါး...
http://mizzimaburmese.com/article/53230,နိုင်းလ်မြစ် သန့်ရှင်းရေး အီဂျစ် စေတနာ့ဝန်ထမ်းတွေ...
http://mizzimaburmese.com/article/53482,အမေရိကန် အချုပ်ခန်းမှာ သေဆုံးတဲ့ ဂွါတီမာလာက ခုနစ်နှစ် သမီးလေးကို နာရေးချ
http://mizzimaburmese.com/article/53226,အလှူမှာ ကျွေးတဲ့ ထမင်းကို စားပြီး လူ ၁၁ ဦးထက်မနည်...
http://mizzimaburmese.com/article/53225,ဖလော်ရီဒါပြည်နယ်မှာ ခရစ္စမတ် သင်္ဘောများ စီတန်းသွ...
http://mizzimaburmese.com/article/53224,ပြင်သစ်ရှိ ဂျူး သုဿာန်တစ်ခုက သင်္ချိုင်းဂူကမ္ပည်...
http://mizzimaburmese.com/article/53223,ဖွင့်လှစ်ပြီးစီးခဲ့တဲ့ ကမ္ဘာ့အရှည်ဆုံး တံတားကြီးက...
http://mizzimaburmese.com/article/53222,ပါရီ သဘောတူညီချက် အသက်သွင်းရေး ရှေ့ဆက်လုပ်ကြဖို့...
http://mizzimaburmese.com/article/53219,ပြင်သစ်မှာ အစိုးရအမိန့်ကို အာခံပြီး အဝါရောင်အပေါ်...
http://mizzimaburmese.com/article/53216,သဘောထားတင်းမာသူ ဝန်ကြီးချုပ် ရာဂျာပတ်စာ နုတ်ထွက...
http://mizzimaburmese.com/article/53211,စပိန်နည်းပညာသုံး Vsmart စမတ်ဖုန်းအမျိုးအစားကို...
http://mizzimaburmese.com/article/53207,တိုကျိုမှာ ငါးမန်းနဲ့ ပွေ့ဖက်ရေကူးပြီး ဖိလစ်ပိုင်...
http://mizzimaburmese.com/article/53202,အီသီယိုးပီးယားတွင် လူမျိုးရေးပဋိပက္ခကြောင့်...
http://mizzimaburmese.com/article/53197,အနောက်ဂျေရုဆလင်ကို အစ္စရေးမြို့တော်အဖြစ် သြစတြေးလ...
http://mizzimaburmese.com/article/53196,ကနေဒါနိုင်ငံသားနှစ်ဦးကို တရုတ်ဖမ်းဆီးထားတာဟာ လက်...
http://mizzimaburmese.com/article/53482,အမေရိကန် အချုပ်ခန်းမှာ သေဆုံးတဲ့ ဂွါတီမာလာက ခုနစ်နှစ် သမီးလေးကို နာရေးချ
http://mizzimaburmese.com/article/53193,ဝန်ကြီးချုပ်ကို ဖြုတ်ချပြီး လွှတ်တော်ဖျက်သိမ်းတဲ့...
http://mizzimaburmese.com/article/53187,အမေရိကန်လွှတ်တော်ရဲ့ တိဗက်ဥပဒေကြမ်းဟာ ပြည်တွင်...
http://mizzimaburmese.com/article/53182,ကိုယ်ပိုင်စစ်တပ် ထူထောင်ရေး ကိုဆိုဗို ပါလီမန်က...
http://mizzimaburmese.com/article/53181,ဘာလီကျွန်းဆွယ်တွင် မူးယစ်ဆေးလက်ဝယ်တွေ့ရှိမှုဖြင့...
http://mizzimaburmese.com/article/53178,ကျူးဘားမှာ ဂျုံ ပြတ်လပ်မှုကြောင့် ပြည်သူတွေ အခြ...
http://mizzimaburmese.com/article/53170,ဧရာမ စပါးအုံးမြွေကြီးကို အင်ဒိုနီးရှား ရွာသားတွေ...
http://mizzimaburmese.com/article/53168,ရုရှရိုးရာဝတ်စုံများနှင့် ခေတ်သစ်ဖက်ရှင်ကို ပေါင်...
http://mizzimaburmese.com/article/53166,ဆူမားတြားကျွန်းနေ ရွာသားများအား လိုက်လံနှောင့်ယှက...
http://mizzimaburmese.com/article/53163,စစ်ရေးတေ့ဆိုင်မှု ဖြစ်ပြီးနောက် တရုတ်နဲ့ အိန္ဒိယ...
http://mizzimaburmese.com/article/53162,ပြင်သစ်ခရစ္စမတ်စျေး ပစ်ခတ်သူကို ရဲတပ်ဖွဲ့က အသေလက်...
http://mizzimaburmese.com/article/53157,အစ္စရေးနှစ်ဦးကို ပစ်သတ်တယ်ဆိုတဲ့ ပါလက်စတိုင်းကို...
http://mizzimaburmese.com/article/53155,ကနေဒါနိုင်ငံသားနှစ်ဦးကို အမျိုးသားလုံခြုံရေး ခြိမ...
http://mizzimaburmese.com/article/53482,အမေရိကန် အချုပ်ခန်းမှာ သေဆုံးတဲ့ ဂွါတီမာလာက ခုနစ်နှစ် သမီးလေးကို နာရေးချ
http://mizzimaburmese.com/article/53147,တူရကီတွင် အမြန်ရထားတစ်စင်းက အခြားမီးရထားကို ဝင်...
http://mizzimaburmese.com/article/53145,တရုတ်မှာ အတင်းအိမ်ထောင်ချခံ၊ လိင်ကျေးကျွန်ပြ...
http://mizzimaburmese.com/article/53143,ကမ္ဘာကြီးပူနွေးလာမှုကို သတိပြုမိရေး လန်ဒန်က...
http://mizzimaburmese.com/article/53137,ဘင်္ဂလားဒေ့ရှ်က သစ်ပင်တွေကို လိုက်လံထိန်းသိမ်...
http://mizzimaburmese.com/article/53133,ပြင်သစ် ခရစ္စမတ်စျေးတွင် ဖြစ်ပွားခဲ့သည့် ပစ်ခတ်မှ...
http://mizzimaburmese.com/article/53127,ချောကလက် ထပ််ပိုးလွှာ ခင်းပြီးသားဖြစ်ပွားတဲ့ ဂျ...
http://mizzimaburmese.com/article/53124,သူ့ကို လုပ်ကြံဖို့ကြံစည်တဲ့ နောက်ကွယ်မှာ အမေရိကန...
http://mizzimaburmese.com/article/53123,အစ္စရေးမှာ အကြမ်းဖက်သမားတွေ ပစ်ခတ်လို့ ကိုယ်ဝန်သည...
http://mizzimaburmese.com/article/53121,အယုံအကြည် မရှိ အဆိုတင်သွင်းခံရလို့ ခေါင်းဆောင်အပြ...
http://mizzimaburmese.com/article/53119,ရုရှဗုံးကြဲတိုက်လေယာဉ်တွေ ဗင်နီဇွဲလားဆီ စေလွှတ်...
http://mizzimaburmese.com/article/53111,ကိုလံဘီယာမှာ လွှတ်တော်အစည်းအဝေး ကျင်းပနေစဉ် ကြွက်...
http://mizzimaburmese.com/article/53106,အသက် ၁၀၂ နှစ်အရွယ် အဘွားအိုတစ်ဦး ကမ္ဘာ့ အသက်အကြ...
http://mizzimaburmese.com/article/53482,အမေရိကန် အချုပ်ခန်းမှာ သေဆုံးတဲ့ ဂွါတီမာလာက ခုနစ်နှစ် သမီးလေးကို နာရေးချ
http://mizzimaburmese.com/article/53099,Facebook ဌာနချုပ်မှာ ဗုံးလန့်မှု ဖြစ်ပွား
http://mizzimaburmese.com/article/53098,နှစ်နိုင်ငံ ဆက်ဆံရေး တင်းမာနေစဉ် ကနေဒါ သံတမန်ဟောင...
http://mizzimaburmese.com/article/53097,ဘရာဇီးက ခရစ်ယာန်ဘုရားရှိခိုးကျောင်းမှာ သေနတ်သမားက...
http://mizzimaburmese.com/article/53096,ပြင်သစ်ရဲ့ နာမည်ကြီး ခရစ္စမတ်စျေးမှာ ပစ်ခတ်မှုဖြစ...
http://mizzimaburmese.com/article/53093,အင်ဒိုနီးရှားမှာ ရှာရီယာဥပဒေကို မလို်က်နာပဲ လောင်...
http://mizzimaburmese.com/article/53092,အတိုက်အခံ ရာပေါင်းများစွာကို ဖမ်းဆီးထားတဲ့ ဘင်...
http://mizzimaburmese.com/article/53087,၂၀၁၉ ဖေဖော်ဝါရီ ၂၄ ရက်မှာ ရွေးကောက်ပွဲ ကျင်းပမည်...
http://mizzimaburmese.com/article/53083,စစ်အောင်ပွဲအဖြစ် သိမ်းပိုက်ထားခဲ့တဲ့ ခေါင်းလောင်...
http://mizzimaburmese.com/article/53080,"""Yellow Vest"" ဆန္ဒပြသမားတွေ စိတ်ကျေနပ်..."
http://mizzimaburmese.com/article/53076,အစ္စရေး မြောက်ပိုင်း ရေကန်ထဲ ကြိုးကြာငှက်ကောင်ရေ...
http://mizzimaburmese.com/article/53074,ရေနံသူခိုးတွေရဲ့ လက်ချက်ကြောင့် ဘရာဇီး ပင်လယ်အော်...
http://mizzimaburmese.com/article/53071,ကမ္ဘာမှာ ဒုတိယအဆိုးဆုံး အီဘိုလာ ဖြစ်ပွားမှုကြောင့...
http://mizzimaburmese.com/article/53482,အမေရိကန် အချုပ်ခန်းမှာ သေဆုံးတဲ့ ဂွါတီမာလာက ခုနစ်နှစ် သမီးလေးကို နာရေးချ
http://mizzimaburmese.com/article/53070,အပြည်ပြည်ဆိုင်ရာ လူအခွင့်အရေးနေ့မှာ ဖိလစ်ပိုင်...
http://mizzimaburmese.com/article/53067,ဟွာဝေးအမှုဆောင်အရာရှိကို ဖမ်းဆီးတာ လူမဆန်တဲ့ လုပ်...
http://mizzimaburmese.com/article/53065,ကန့်ကွက်မှုတွေ ရှိတဲ့ကြားက ရွှေ့ပြောင်းဝင်ရောက်...
http://mizzimaburmese.com/article/53060,ဂျာမနီမှာ မီးရထားလုပ်သားတွေ သပိတ်မှောက်လို့...
http://mizzimaburmese.com/article/53059,မွေးရာပါ ခြေထောက်မပါတဲ့ ဆီးရီးယားမိန်းကလေးငယ်လေး...
http://mizzimaburmese.com/article/53049,ဂွာတီမာလာမှာ ဘာသာရေးပွဲ အထိမ်းအမှတ်အဖြစ်...
http://mizzimaburmese.com/article/53047,မြန်မာနိုင်ငံအကြောင်း အမွှမ်းတင်ပေးခဲ့သူ Twitter...
http://mizzimaburmese.com/article/53043,ကိုလ်ကတ္တားမြို့က ကမ္ဘာမှာ လေထုညစ်ညမ်းမှု...
http://mizzimaburmese.com/article/53042,ခြောက်ရက်ကြာ စစ်ပွဲအတွင်းက မြေမြုပ်မိုင်းတွေကို...
http://mizzimaburmese.com/article/53039,ယန်ဇီမြစ်ထဲမှာ ဆောင်းရာသီ ရေကူးပြိုင်ပွဲ ကျင်းပ
http://mizzimaburmese.com/article/53038,အီဂျစ်ရှိ နိုင်းလ် မြစ်ဝကျွန်းပေါ်ဒေသမှာ ရာသီဥတု...
http://mizzimaburmese.com/article/53037,မန်းရွှေစက်တော်ဘုရားအနီး ဘုရားကျေးရွာတွင် လောင်...
http://mizzimaburmese.com/article/53482,အမေရိကန် အချုပ်ခန်းမှာ သေဆုံးတဲ့ ဂွါတီမာလာက ခုနစ်နှစ် သမီးလေးကို နာရေးချ
http://mizzimaburmese.com/article/53036,Huawei ရဲ့ CFO ကို ပြန်လွှတ်ပေးရင်ပေး၊ မပေးရင်...
http://mizzimaburmese.com/article/53034,နယူးယော့ခ်က Google ဌာနချုပ်မှာ ကုမ္ပဏီ ဆော့ဝဲအင်ဂ...
http://mizzimaburmese.com/article/53032,အိမ်ဖြူတော် အရာရှိချုပ် ဂျွန်ကယ်လီ အလုပ်ထွက်...
http://mizzimaburmese.com/article/53026,အဝါရောင်အပေါ်အကျႌဝတ် ဆန္ဒပြပွဲကို ပြင်သစ်ရဲက မျက်...
http://mizzimaburmese.com/article/53017,မနှစ်မြို့ဖွယ်ရာ စားစရာများပြတိုက် လော့စ်အိန်ဂျ...
http://mizzimaburmese.com/article/53015,ပလတ်စတစ်အိတ်များဖြင့် ပြုလုပ်ထားသည့် ပင်လယ်သေမြ...
http://mizzimaburmese.com/article/53012,အီတလီက နိုက်ကလပ်မှာ အနံဆိုးကြီး ရလို့ ကြောက်လန့်ထ...
http://mizzimaburmese.com/article/53011,ဆော်ဒီအာရေဗျတွင် သိမ်းငှက်များနှင့် အမဲလိုက်ခြင်...
http://mizzimaburmese.com/article/53008,ကော့စတာရီကာတွင် ပလတ်စတစ်များ စုဆောင်းကာ ဂင်းနစ်...
http://mizzimaburmese.com/article/53006,ဘရာဇီး ဘဏ်ဓားပြတိုက်မှုတွေကို ရဲနှိမ်နင်းရာမှာ ဘဏ...
http://mizzimaburmese.com/article/53005,ဟွာဝေး ဘဏ္ဍာရေးအရာရှိချုပ်ကို လိမ်လည်မှုနဲ့ တရားစ...
http://mizzimaburmese.com/article/53002,မြောက်ကိုရီးယားခေါင်းဆောင် အလည်အပတ်လာရောက်ဖြစ်မှ...
http://mizzimaburmese.com/article/53482,အမေရိကန် အချုပ်ခန်းမှာ သေဆုံးတဲ့ ဂွါတီမာလာက ခုနစ်နှစ် သမီးလေးကို နာရေးချ
http://mizzimaburmese.com/article/53000,ဆိုင်ဘာသူလျှိုလုပ်တယ်လို့ အမေရိကန််စွပ််စွဲထားတဲ့...
http://mizzimaburmese.com/article/52989,မျိုးသုဉ်းလုနီး အန္တရာယ်ကျရောက်လာတဲ့ သြစတြေးလျက က...
http://mizzimaburmese.com/article/52988,ကင်မ်ဂျုံအန်းဆီကနေ လက်ဆောင်ရထားတဲ့ ခွေးမလေး...
http://mizzimaburmese.com/article/52975,ပါလက်စတိုင်း ဟားမတ်အဖွဲ့ကို ရှုတ်ချတဲ့ အမေရိကန်...
http://mizzimaburmese.com/article/52974,ဂျော့ရှ်ဘုရှ်ရဲ့ ရုပ်အလောင်းကို နောက်ဆုံးခေါင်းချ...
http://mizzimaburmese.com/article/52971,မလေးရှားမှာ ဒေါ်လာ ကိုးသန်းဖိုးရှိ အာဖရိက သင်းခွ...
http://mizzimaburmese.com/article/52970,ခွဲထွက်ရေးသူပုန်တွေ တိုက်ခိုက်မှုနောက်ပိုင်း ရုပ်...
http://mizzimaburmese.com/article/52968,မြန်မာသာသနာရေးဝန်ကြီးကို အရေးယူပေးရန် ဘင်...
http://mizzimaburmese.com/article/52961,တိုကျို - ၂၀၂၀ ခုနှစ် အိုလံပစ်မာရသွန်ပြိုင်ပွဲကို...
http://mizzimaburmese.com/article/52958,ဟွာဝေးတည်ထောင်သူရဲ့ သမီး၊ ဘဏ္ဍာရေးအရာရှိချုပ်ဖြစ်...
http://mizzimaburmese.com/article/52953,ဒိုမီနီကန်သမ္မတနိုင်ငံရှိ Polyplas စက်ရုံတွင်...
http://mizzimaburmese.com/article/52949,အင်တာနက် အတင်းကြပ်ဆုံး ကျူးဘားမှာ ပထမဆုံးအဖြစ်...
http://mizzimaburmese.com/article/53482,အမေရိကန် အချုပ်ခန်းမှာ သေဆုံးတဲ့ ဂွါတီမာလာက ခုနစ်နှစ် သမီးလေးကို နာရေးချ
http://mizzimaburmese.com/article/52948,၄၁ ဆက်မြောက် အမေရိကန် သမ္မတ ဂျော့ချ်အိတ်ချ်ဒဗလျ...
http://mizzimaburmese.com/article/52946,နျူကလီးယားပဋိညာဉ်ကို ချိုးဖောက်တယ်လို့ အမေရိကန်...
http://mizzimaburmese.com/article/52945,Secret Sunrise ဆိုတဲ့ နံနက်ခင်း ကခုန်ခြင်းနဲ့...
http://mizzimaburmese.com/article/52941,ကမ္ဘာ့ရုပ်ရှင်ဇာတ်ကားများကို ကြည့်ရှုလေ့လာနိုင်...
http://mizzimaburmese.com/article/52936,ဘော့စနီးယား မြို့တော် ဆာရာယေဗိုရဲ့ လေထုညစ်ညမ်းမှု...
http://mizzimaburmese.com/article/52928,ပြင်သစ်ပိုင် နယူး ကယ်လီဒိုနီးယား ဒေသမှာ အားပြင်...
http://mizzimaburmese.com/article/52919,နိုင်ငံတော်သစ္စာဖောက်မှုကလွဲပြီး သမ္မတကို ဘယ်လိုပ...
http://mizzimaburmese.com/article/52918,နျူကလီးယားပဋိညာဉ်ကို လိုက်နာဖို့ ရုရှကို ရက် ၆၀...
http://mizzimaburmese.com/article/52917,ဆန္ဒပြဆူပူမှုတွေ ဖြစ်ပွားပြီးနောက် ပြင်သစ်အစိုးရက...
http://mizzimaburmese.com/article/52915,အီတလီမာဖီးယားဂိုဏ်းခေါင်းဆောင်နဲ့အတူ ဂိုဏ်းသား ၄၆...
http://mizzimaburmese.com/article/52907,အီတလီနိုင်ငံရှိ ယိုင်နေသည့် ပီဆာမျှော်စင်ကြီးအား...
http://mizzimaburmese.com/article/52905,သြစတြီးယားရှိ ပန်ဒါဝက်ဝံ အမြွှာပူး ၂ ကောင်အား...
http://mizzimaburmese.com/article/53482,အမေရိကန် အချုပ်ခန်းမှာ သေဆုံးတဲ့ ဂွါတီမာလာက ခုနစ်နှစ် သမီးလေးကို နာရေးချ
http://mizzimaburmese.com/article/52904,ဟစ်ဘိုလာအဖွဲ့ရဲ့ မြေအောက် ဥမင်လှိုဏ်ခေါင်းတွေကို...
http://mizzimaburmese.com/article/52901,ပါပူဝါ ပြည်နယ်မှာ ဆောက်လုပ်ရေးလုပ်သားတွေကို သူပုန...
http://mizzimaburmese.com/article/52900,မက္ကဆီကိုမှာ လူနေအိမ်ပေါ် လေယာဉ်ပျက်ကျလို့ လူ ၄...
http://mizzimaburmese.com/article/52897,Times Square အနားက လမ်းမြောင်းဖုံးအောက်ထဲ စိန်လက်...
http://mizzimaburmese.com/article/52893,ကန်ဒေါ်လာ ၂၁၈ ဒသမ ၇ သန်းတန် မက္ကဆီကိုသမ္မတလေယာဉ်...
http://mizzimaburmese.com/article/52891,ကျွန်တော်ဟာ သေသွားလို့ အစားထိုးထားတဲ့ ရုပ်ဆင်သူ...
http://mizzimaburmese.com/article/52890,အိုပက်အဖွဲ့က နုတ်ထွက်မယ်လို့ ကာတာ ကြေညာ
http://mizzimaburmese.com/article/52888,လူလိုက်ပါသော ဆိုယုဇ်အာကာသယာဉ်ကို ဂြိုဟ်ပတ်လမ်းအတွ...
http://mizzimaburmese.com/article/52881,ရပ်တည်ဖို့ ခက်ခဲလာတဲ့ အီရတ်က မြေအိုးလုပ်ငန်း
http://mizzimaburmese.com/article/52879,ဖင်လန်နိုင်ငံတွင် စတူဒီယိုခန်း၊ ရုပ်ရှင်ရုံများ ပ...
http://mizzimaburmese.com/article/52874,ဘရာဇီးမှာ ကမ္ဘာ့အကြီးဆုံး ရေပေါ် ခရစ္စမတ်သစ်ပင်ကြ...
http://mizzimaburmese.com/article/52868,ရာသီဥတုပြောင်းလဲမှု တိုက်ဖျက်ရေးအတွက် ကမ္ဘာ့ဘဏ်က...
http://mizzimaburmese.com/article/53482,အမေရိကန် အချုပ်ခန်းမှာ သေဆုံးတဲ့ ဂွါတီမာလာက ခုနစ်နှစ် သမီးလေးကို နာရေးချ
http://mizzimaburmese.com/article/52865,အင်ဒိုနီးရှားမှာ အစဉ်အလာမပျက် ကျင်းပတဲ့ ရိုးရာ နွ...
http://mizzimaburmese.com/article/52860,ကွယ်လွန်သူ သမ္မတဟောင်း ဂျော့ဘုရှ်အတွက် ဝမ်းနည်...
http://mizzimaburmese.com/article/52859,ခရစ်ယာန် မြို့တော်ဝန်ကို ဖြုတ်ချလိုက်တဲ့ ဆန္ဒပြပွ...
http://mizzimaburmese.com/article/52858,ပုရစ်၊ လောက် တို့နဲ့ ဖန်တီးပြုလုပ်ထားတဲ့ ဟင်းပွဲတ...
http://mizzimaburmese.com/article/52855,မူးယစ်ရာဇာကြီး ပါဘလို အက်စ်ကိုးဘားရဲ့ အရိပ်...
http://mizzimaburmese.com/article/52853,ပြင်သစ်မှာ အရှိန်မြင့်ဖြစ်ပေါ်နေတဲ့ Yellow Vest...
http://mizzimaburmese.com/article/52852,ယိုင်စောင်းနေတဲ့ ကမ္ဘာကျော် Pisa မျှော်စင်ကြီးကို...
http://mizzimaburmese.com/article/52847,အမေရိကန်နှင့် တရုတ်အကြား ကုန်သွယ်ရေးစစ် ပြေငြိမ်...
http://mizzimaburmese.com/article/52848,မက္ကဆီကို သမ္မတသစ်အဖြစ် လက်ဝဲဝါဒီတစ်ဦးဖြစ်တဲ့...
http://mizzimaburmese.com/article/52845,မကြုံစဖူး လုံခြုံရေးတင်းကြပ်ထားတဲ့ကြားက ဂျီ ၂၀...
http://mizzimaburmese.com/article/52834,ဘရာဇီးတွင် လေယာဉ်ငယ်တစ်စင်း ပျက်ကျရာ စီးနင်းလိုက်...
http://mizzimaburmese.com/article/52835,သန္တာကျောက်တန်းများ ပျက်စီးလာ၍ ပိတ်ထားသည့် ထိုင်...
http://mizzimaburmese.com/article/53482,အမေရိကန် အချုပ်ခန်းမှာ သေဆုံးတဲ့ ဂွါတီမာလာက ခုနစ်နှစ် သမီးလေးကို နာရေးချ
http://mizzimaburmese.com/article/52830,လောင်စာခွန် တိုးမြှင့်တာကို ဆန္ဒပြတဲ့ ပြင််သစ်က...
http://mizzimaburmese.com/article/52828,အမေရိကန်သမ္မတဟောင်း ဂျော့ဘုရှ် ကွယ်လွန်
http://mizzimaburmese.com/article/52826,ကော်ဖီရွက်ဖြင့် လုပ်ထားသည့် ကော်ဖီဖျော်ပြိုင်ပွဲ...
http://mizzimaburmese.com/article/52822,ဆီးရီးယားမှာ ချည်းကပ်လာနေတဲ့ စစ်ပွဲတွေကနေ ရှ...
http://mizzimaburmese.com/article/52821, အလာစကာမှာ အင်အား ရစ်ချ်တာစကေး ခုနစ်အဆင့်ရှိ အားပ...
http://mizzimaburmese.com/article/52818,အင်အား ရှစ်သောင်းခန့်ရှိတဲ့ အိန္ဒိယနိုင်ငံအနှံ့က...
http://mizzimaburmese.com/article/52817,တောင်၊ မြောက် ကိုရီးယားနှစ်နိုင်ငံ ချိတ်ဆက်ရထားလမ...
http://mizzimaburmese.com/article/52815,ကမ္ဘာ့နိုင်ငံရေး တင်းမာမှုတွေကြား အာဂျင်တီးနားမှာ...
http://mizzimaburmese.com/article/52806,အင်ဒိုနီးရှား အကျဉ်းထောင်တစ်ခုမှာ အကျဉ်းသား ၉၀...
http://mizzimaburmese.com/article/52797,ယူကရိန်းကိစ္စကြောင့် ပူတင်နဲ့ တွေ့မယ့် အစီအစဉ်...
http://mizzimaburmese.com/article/52795,ဟောင်ကောင်မှာ ဘတ်စ်ကားနဲ့ အငှားကားတို့ တိုက်...
http://mizzimaburmese.com/article/52792,မက္ကဆီကိုနဲ့ အမေရိကန်နယ်စပ်မှာ သောင်တင်နေတဲ့ ရွှ...
http://mizzimaburmese.com/article/53482,အမေရိကန် အချုပ်ခန်းမှာ သေဆုံးတဲ့ ဂွါတီမာလာက ခုနစ်နှစ် သမီးလေးကို နာရေးချ
http://mizzimaburmese.com/article/52791,ရုရှားကို ဆန့်ကျင်ပြီး ကြီးမားတဲ့ အကူအညီတွ...
http://mizzimaburmese.com/article/52788,ကဘူးလ်ရှိ ဗြိတိန်လုံခြုံရေး ကုမ္ပဏီဝင်း တိုက်ခိုက...
http://mizzimaburmese.com/article/52786,အမေရိကန် အမျိုးသားခရစ္စမတ်သစ်ပင်ကို ထရမ့်နဲ့...
http://mizzimaburmese.com/article/52773,စစ်အတွင်းက အတင်းအကျပ် အလုပ်ခိုင်းစေခြင်း...
http://mizzimaburmese.com/article/52770,ပုပ်ရဟန်းမင်းကြီး တရားဟောနေစဉ် စင်မြင့်ပေါ် တက်နှ...
http://mizzimaburmese.com/article/52767,၂၀၁၇ အရီဇိုးနား တောမီးက Gender Reveal ပါတီတစ်...
http://mizzimaburmese.com/article/52765,အလွန် ရှားပါးတဲ့ နှစ် ၉၀၀၀ သက်တမ်းရှိ ကျောက်မျက်န...
http://mizzimaburmese.com/article/52763,ယူကရိန်း ရေတပ်သင်္ဘောသုံးစီးကို ဖမ်းဆီးထားတာနဲ့...
http://mizzimaburmese.com/article/52760,ဂရိတ်ဘာရီယာ သန္တာကျောက်တန်းကြီးမှ ပျက်စီး အပိုင်...
http://mizzimaburmese.com/article/52759,မျိုးဗီဇ ပြုပြင်ထားတဲ့ ကလေးတွေ ဖန်တီးမွေးထုတ်တဲ့...
http://mizzimaburmese.com/article/52744,ပေါ်တူဂီဖွား ခိုအာလာဝက်ဝံမလေး သြစတြီးယားရှိ ဗီယင်...
http://mizzimaburmese.com/article/52742,အိန္ဒိယရဲ့ အွန်လိုင်း အသုဘပစ္စည်း အရောင်းလုပ်ငန်း
http://mizzimaburmese.com/article/53482,အမေရိကန် အချုပ်ခန်းမှာ သေဆုံးတဲ့ ဂွါတီမာလာက ခုနစ်နှစ် သမီးလေးကို နာရေးချ
http://mizzimaburmese.com/article/52738,တရုတ်ပြည်ရှိ ဓာတုစက်ရုံ မီးလောင်ပေါက်ကွဲရာ ၂၂...
http://mizzimaburmese.com/article/52736,အာဖဂန် မိဘတွေက အကြွေးဆပ်ဖို့နဲ့ ဝမ်းရေးအတွက်...
http://mizzimaburmese.com/article/52734,ရုရှားနဲ့ စစ်ရိပ်စစ်ငွေ့ မကင်းကြောင်း ယူကရိန်း...
http://mizzimaburmese.com/article/52731,အာဏာရှင်မားကို့စ်ရဲ့ ဇနီးဖြစ်သူ အကျင့်ပျက်ခြစားမှ...
http://mizzimaburmese.com/article/52730,မျိုးဗီဇ ပြုပြင်ထားတဲ့ ကလေးငယ်တွေ ပထမဆုံး ဖန်တီးမ...
http://mizzimaburmese.com/article/52723,နာဆာရဲ့ InSight စူးစမ်းလေ့လာရေးယာဉ် အင်္ဂါဂြိုဟ်...
http://mizzimaburmese.com/article/52714,ဗြိတိန်နိုင်ငံအရွယ်အစားရှိ မြေဧရိယာတစ်ခုမှာ  ခြ...
http://mizzimaburmese.com/article/52710,ယူကရိန်းသင်္ဘောတွေကို ရုရှ ဖမ်းဆီးတာ တရားလက်...
http://mizzimaburmese.com/article/52711,အိန္ဒိယမှာ ပထမဆုံး ဆင်ဆေးရုံ ဖွင့်လှစ်
http://mizzimaburmese.com/article/52704,တရုတ်အနောက်မြောက်မှာ ကြီးမားတဲ့ သဲမုန်တိုင်း တိုက...
http://mizzimaburmese.com/article/52703,အမေရိကန်နိုင်ငံတွင်းသို့ ဥပဒေမဲ့ ခိုးဝင်မယ့် ရွှ...
http://mizzimaburmese.com/article/52696,နယူးဇီလန်မှာ ရောင်းချတဲ့ စတော်ဘယ်ရီသီးတစ်လုံးထဲ...
http://mizzimaburmese.com/article/53482,အမေရိကန် အချုပ်ခန်းမှာ သေဆုံးတဲ့ ဂွါတီမာလာက ခုနစ်နှစ် သမီးလေးကို နာရေးချ
http://mizzimaburmese.com/article/52695,သူများအနိုင်ကျင့်တာခံခဲ့ရလို့ ကမ္ဘာ့ အသန်...
http://mizzimaburmese.com/article/52694,တရုတ်မှာ သဲမုန်တိုင်းဝင်ပြီး မီတာ ၁၀၀ အမြင့်ရှိ...
http://mizzimaburmese.com/article/52689,နယူးဇီလန် ကမ်းခြေမှာ ဝေလငါး ၁၄၅ ကောင် အစုလိုက်အပြ...
http://mizzimaburmese.com/article/52687,ခရိုင်းမီးယား ကျွန်းဆွယ်အနီး ယူကရိန်း စစ်သင်...
http://mizzimaburmese.com/article/52685,ဆီးရီးယားမှာ အဆိပ်ဓာတ်ငွေ့နဲ့ တိုက်ခိုက်လို့ လူ...
http://mizzimaburmese.com/article/52681,ရွှေ့ပြောင်းသူများက နယ်စပ်စည်းရိုး ချိုးဖောက်ကာ...
http://mizzimaburmese.com/article/52679,သမိုင်းဝင် Brexit သဘောတူညီချက် အီးယူ ခေါင်းဆောင်တ...
http://mizzimaburmese.com/article/52677,အိန္ဒိယမှာ ဘတ်စ်ကားတစ်စီး မြောင်းထဲ ထိုးကျရာ လူ...
http://mizzimaburmese.com/article/52678,ယူဂန်ဒါက ဗစ်တိုးရီးယားကန်ထဲမှာ ရေယာဉ်နစ်မြုပ်ပြီး...
http://mizzimaburmese.com/article/52671,ဇင်ဘာဘွေအာဏာရှင် မူဂါဘီ ကျန်းမာရေးယိုယွင်းပြီး လမ...
http://mizzimaburmese.com/article/52669,စည်ပိုင်းတစ်ခုတည်းနဲ့ အတ္တလန္တိတ် သမုဒ္ဒရာကို ဖြတ...
http://mizzimaburmese.com/article/52668,ငါးရှာ၊ ပုလဲငုပ်ခြင်း အစဉ်အလာကို ဖက်တွယ်ထားဆဲ ဖြစ...
http://mizzimaburmese.com/article/53482,အမေရိကန် အချုပ်ခန်းမှာ သေဆုံးတဲ့ ဂွါတီမာလာက ခုနစ်နှစ် သမီးလေးကို နာရေးချ
http://mizzimaburmese.com/article/52666,ရွေးကောက်ပွဲရှုံးနိမ့်မှုကြောင့်  အာဏာရပါတီ...
http://mizzimaburmese.com/article/52661,အန်တမန်ကျွန်းစုများအနက် တားမြစ်ထားသည့် North...
http://mizzimaburmese.com/article/52654,၂၀၂၅ ခုနှစ် ကမ္ဘာ့ ကုန်စည်ပြပွဲ ကျင်းပရန်...
http://mizzimaburmese.com/article/52653,ဥရုဂွေးတွင် ရှေးခေတ်အမျိုးသမီးတစ်ဦး၏ အရိုးခေါင်...
http://mizzimaburmese.com/article/52651,လုပ်ငန်းခွင်မှာ ကင်ဆာဖြစ်ပွားရခြင်း အကြောင်...
http://mizzimaburmese.com/article/52650,ဆစ်ခ်ဘာသာ တည်ထောင်သူ၏ ၅၄၉ နှစ်မြောက် မွေးနေ့...
http://mizzimaburmese.com/article/52646,အိန္ဒိယပိုင် ကက်ရှ်မီးယားက စစ်ဆင်ရေးအတွင်း စစ်သွ...
http://mizzimaburmese.com/article/52642,ပါကစ္စတန်က တရုတ်ကောင်စစ်ဝန်ရုံးတိုက်ခိုက်ခံရမှု...
http://mizzimaburmese.com/article/52638,ရှန်ဟိုင်းမှာ ကျင်းပမယ့် ဖက်ရှင်ရှိုးကို ဖျက်သိမ်...
http://mizzimaburmese.com/article/52632,ပါကစ္စတန်ရှိ တရုတ်ကောင်စစ်ဝန်ရုံး တိုက်ခိုက်ခံရ၊...
http://mizzimaburmese.com/article/52630,မြင်းခွာ ပန်းပဲအတတ် ပပျောက်သွားမှာကို စိုးရိမ်...
http://mizzimaburmese.com/article/52623,တောင်၊ မြောက် ကိုရီးယားနှစ်နိုင်ငံကို ဆယ်သွယ်တဲ့...
http://mizzimaburmese.com/article/53482,အမေရိကန် အချုပ်ခန်းမှာ သေဆုံးတဲ့ ဂွါတီမာလာက ခုနစ်နှစ် သမီးလေးကို နာရေးချ
http://mizzimaburmese.com/article/52622,အခြေအနေဆိုးလာရင် မက္ကဆီကိုနဲ့ နယ်စပ်ကို ပိတ်မယ်...
http://mizzimaburmese.com/article/52619,ရထားသံလမ်းပေါ် ပြုတ်ကျသွားခဲ့ပေမယ့်  ကံအားလျော်စွ...
http://mizzimaburmese.com/article/52617,နိုင်ငံမှာ အကြီးဆုံးသော ခွေးသတ်ရုံကြီးကို တောင်...
http://mizzimaburmese.com/article/52616,ဂရိဒဏ္ဍာရီလာ စပါတာ ဘုရင်မ လီဒါနဲ့ ငန်းတစ်ကောင်...
http://mizzimaburmese.com/article/52614,အမျိုးသမီး ၈ ဦးအား အဓမ္မပြုကျင့်မှုဖြင့် တောင်...
http://mizzimaburmese.com/article/52612,ဟေတီမှာ အထွေထွေ သပိတ် ဆင်နွှဲလို့ လုပ်ငန်...
http://mizzimaburmese.com/article/52610,အမေရိကန်သမ္မတ ဒေါ်နယ်ထရမ့်နှင့် တရားသူကြီးချုပ်...
http://mizzimaburmese.com/article/52606,အင်တာပို ခေါင်းဆောင်သစ်အဖြစ် တောင်ကိုရီးယားက ကင်မ...
http://mizzimaburmese.com/article/52603,ကိုလံဘီယာလွှတ်တော်ရှေ့မှာ ကစားစရာအရုပ်တွေ အစီအရီ...
http://mizzimaburmese.com/article/52600,ပလတ်စတစ် ၆ ကီလိုဂရမ် မျိုချထားပြီး သေဆုံးနေသည့်...
http://mizzimaburmese.com/article/52594,စပိန်မှာ လူစီးရထားတစ်စီး လမ်းချော်လို့ ၁ ဦးသေပြီး...
http://mizzimaburmese.com/article/52591,ယီမင်မှာ  ပြည်သူ ၁၄ သန်း အငတ်ဘေးဆိုက်တော့မယ့်...
http://mizzimaburmese.com/article/53482,အမေရိကန် အချုပ်ခန်းမှာ သေဆုံးတဲ့ ဂွါတီမာလာက ခုနစ်နှစ် သမီးလေးကို နာရေးချ
http://mizzimaburmese.com/article/52586,အေပက်အစည်းအဝေးမှာ လုံခြုံရေးယူပေးရတာကို ဘောနပ်ဆုက...
http://mizzimaburmese.com/article/52585,ဖိလစ်ပိုင်သို့ သမ္မတ ရှီကျင့်ဖျင် လာရောက်စဉ် တရုတ...
http://mizzimaburmese.com/article/52580,မော်တော်ကားထုတ်လုပ်မှု လုပ်ငန်းကို လှုပ်ခတ်...
http://mizzimaburmese.com/article/52570,ဆွီဒင်နိုင်ငံက အော်ဂလီဆန်စရာ အစားအသောက်များ ပြ...
http://mizzimaburmese.com/article/52568,စပိန် ပင်လယ်ကမ်းခြေဒေသမှာ မိုးကြီးလေထန်ပြီး ရေလွှ...
http://mizzimaburmese.com/article/52564,အကျဉ်းထောင်မှာ လာတွေ့တဲ့ အမျိုးသမီးကို သတ်ဖြတ်...
http://mizzimaburmese.com/article/52562,ချီကာဂို ဆေးရုံမှာ ပစ်ခတ်မှုဖြစ်၍ လူများစွာ...
http://mizzimaburmese.com/article/52559,ရွေးကောက်ပွဲ စောပြီးကျင်းပဖို့ တောင်းဆိုနေကြတာဟာ...
http://mizzimaburmese.com/article/52558,အကျင့်ပျက်ခြစားမှုနဲ့ စစ်ဆေးခံနေရတဲ့...
http://mizzimaburmese.com/article/52548,ဂွာတီမာလာမှာ မီးတောင်ပေါက်ကွဲလို့ ဒေသခံထောင်ချီ...
http://mizzimaburmese.com/article/52542,နာမည်ကြီး မက္ကဆီကိုမူးယစ်ရာဇာ ဘဲလ်ထရန် လေဗာ အကျဉ်...
http://mizzimaburmese.com/article/52543,ကလေး ဖြစ်တည်မွေးဖွားလာပုံ အဆင့်ဆင့်ကို ဖော်ပြထုဆစ...
http://mizzimaburmese.com/article/53482,အမေရိကန် အချုပ်ခန်းမှာ သေဆုံးတဲ့ ဂွါတီမာလာက ခုနစ်နှစ် သမီးလေးကို နာရေးချ
http://mizzimaburmese.com/article/52536,ရွှေ့ပြောင်းသူတွေ စီးဝင်မှုအတွက် နယ်စပ်မှာ...
http://mizzimaburmese.com/article/52535,တရုတ်၊ အမေရိကန် အကွဲအပြဲကြောင့် အေပက်အစည်းအဝေးမှာ...
http://mizzimaburmese.com/article/52533,အိန္ဒိယ အရှေ့တောင်ပိုင်း ဆိုင်ကလုန်း ဝင်ရောက်တိုက...
http://mizzimaburmese.com/article/52530,မူးယစ် စစ်ဆင်ရေးတစ်ခုမှာ လူ ၁၁ ဦးနှင့် ကိုကင်း...
http://mizzimaburmese.com/article/52528,ရာသီဥတုပြောင်းလဲမှု တားဆီးရေး ဆော်သြထားတဲ့ ဧရာမ...
http://mizzimaburmese.com/article/52525,ပြင်သစ်မှာ လောင်စာဆီစျေးကြီးမြင့်မှုအပေါ် ဆန့်ကျင...
http://mizzimaburmese.com/article/52524,တောမီး လောင်ကျွမ်းခဲ့တဲ့ ကယ်လီဖိုးနီးယားပြည်နယ်က...
http://mizzimaburmese.com/article/52517,တစ်နှစ်ကြာ ပျောက်ဆုံးနေသည့် အာဂျင်တီးနား ပျောက်...
http://mizzimaburmese.com/article/52512,သီရိလင်္ကာလွှတ်တော်မှာ အမတ်တွေကြား သတ်ကြပုတ်ကြတဲ့...
http://mizzimaburmese.com/article/52506,ကယ်လီဖိုးနီးယားတောမီးကြောင့် ဆန်ဖရန်စစ္စကိုမြို့တ...
http://mizzimaburmese.com/article/52500,တရုတ်ဖက်က လျှော့လာတာကြောင့် သွင်းကုန်စည်းကြပ်ခွန်...
http://mizzimaburmese.com/article/52498,ကမ္ဘာ့အမြင့်ဆုံး ရေအားလျှပ်စစ်ဓာတ်အားပေးစက်ရုံ...
http://mizzimaburmese.com/article/53482,အမေရိကန် အချုပ်ခန်းမှာ သေဆုံးတဲ့ ဂွါတီမာလာက ခုနစ်နှစ် သမီးလေးကို နာရေးချ
http://mizzimaburmese.com/article/52497,ဇင်ဘာဘွေမှာ ခရီးသည်တင်ဘတ်စ်ကား ဂတ်စ်အိုးပေါက်ကွဲ...
http://mizzimaburmese.com/article/52495,ရွှေ့ပြောင်းလူအုပ်ကြီး ရောက်ရှိလာပြီဖြစ်တာကြောင့...
http://mizzimaburmese.com/article/52493,ဘန်ကောက်တစ်မြို့လုံး ပတ်ပတ်လည် စီးမိုးကြည့်ရှ...
http://mizzimaburmese.com/article/52519,ကုန်သွယ်ရေးစစ်မှာ အောင်နိုင်သူ ရှိမှာမဟုတ်လို့ ရ...
http://mizzimaburmese.com/article/52485,ဂါဂျာ ဆိုင်ကလုန်းမုန်တိုင်း အိန္ဒိယကို ဝင်တိုက်၍...
http://mizzimaburmese.com/article/52480,နည်းပညာမြင့် လက်နက်သစ်တစ်ခုကို မြောက်...
http://mizzimaburmese.com/article/52479,ကမ္ဘောဒီးယား ခမာရု ခေါင်းဆောင်တွေ လူမျိုးတုန်းသတ်...
http://mizzimaburmese.com/article/52481,လက်ထိုးရုပ်သေးအက ပျောက်ပျက်မသွားအောင် ဆက်လက်ထိန်...
http://mizzimaburmese.com/article/52466,အစိုးရအဖွဲ့ဝင် နုတ်ထွက်မှုများ၊ ပါတီတွင်း ထိုးနှက...
http://mizzimaburmese.com/article/52465,အာဆီယံဥက္ကဌနေရာအား စင်ကာပူက ထိုင်းကို လွှဲပြောင်...
http://mizzimaburmese.com/article/52460,သတင်းထောက်ခါရှိုဂျီ အသတ်ခံရမှုမှာ သံသယရှိသူ ငါ...
http://mizzimaburmese.com/article/52456,သီရိလင်္ကာလွှတ်တော်မှှာ အမတ်များကြား ထိုးကြကြိတ်က...
http://mizzimaburmese.com/article/53482,အမေရိကန် အချုပ်ခန်းမှာ သေဆုံးတဲ့ ဂွါတီမာလာက ခုနစ်နှစ် သမီးလေးကို နာရေးချ
http://mizzimaburmese.com/article/52440,နီပေါစားသောက်ဆိုင်တစ်ဆိုင်တွင် စက်ရုပ်စားပွဲထိုးမ...
http://mizzimaburmese.com/article/52443,ဂွါတီမာလာတွင် အစားအစာထည့်ထားသည့် လင်ဗန်းကိုယ်စီဖြ...
http://mizzimaburmese.com/article/52428,တောင်အာဖရိမှာ ကျင်ငယ်ရည်ကနေ ဇီဝအုတ်ခဲကို ကမ္ဘာ့...
http://mizzimaburmese.com/article/52427,အစ္စရေးကာကွယ်ရေးဝန်ကြီး နုတ်ထွက်သွားတာဟာ အောင်ပွ...
http://mizzimaburmese.com/article/52423,အပစ်ရပ် သဘောတူညီမှုကို လက်သင့်မခံနိုင်တာကြောင့်...
http://mizzimaburmese.com/article/52421,စီးပွားရေးမှာ ခိုင််မာစွာ ပူးပေါင်းဆောင်ရွက်ရေး...
http://mizzimaburmese.com/article/52419,ဆီတင်သင်္ဘောနဲ့ တိုက်မိတဲ့ နော်ဝေ စစ်သင်္ဘော နစ်မ...
http://mizzimaburmese.com/article/52420, ထိုင်းမှာ ကလေးလက်ဝှေ့သမားတစ်ဦး လက်ဝှေ့ထိုးရင်း က...
http://mizzimaburmese.com/article/52413,ဝန်ကြီးချုပ်ကို ပါလီမန်က ကန့်ကွက်မဲဖြင့် ဖြုတ်ချ...
http://mizzimaburmese.com/article/52405,အင်ဒိုနီးရှားက စိုက်ခင်းတစ်ခုထဲမှာ အလွန်ကြ...
http://mizzimaburmese.com/article/52395,အနာဂတ်မှာ ဥရောပစစ်တပ် ထွက်ပေါ်လာရေး ဂျာမနီဝန်ကြ...
http://mizzimaburmese.com/article/52394,အာဆီယံမှာ ဘက်ပေါင်းစုံ ပူးပေါင်းဆောင်ရွက်မှု ခိုင...
http://mizzimaburmese.com/article/53482,အမေရိကန် အချုပ်ခန်းမှာ သေဆုံးတဲ့ ဂွါတီမာလာက ခုနစ်နှစ် သမီးလေးကို နာရေးချ
http://mizzimaburmese.com/article/52391,မလေးရှားမှာ ကလေးသူငယ် လက်ထပ်ထိမ်းမြားမှု အဆုံးသတ်...
http://mizzimaburmese.com/article/52388,လေပြင်းတိုက်ခတ်မှုကြောင့်် ကယ်လီဖိုးနီးယား တောမီး...
http://mizzimaburmese.com/article/52383, ဘဝလက်တွဲဖော်အဖြစ် ဟိုလိုဂရမ် ဇနီးမယားစက်နဲ့...
http://mizzimaburmese.com/article/52376,အာဆီယံထိပ်သီးအစည်းအဝေးမှာ လုံခြုံရေးတာဝန်ထမ်းဆောင...
http://mizzimaburmese.com/article/52370,ဂါဇာဖက်က ဒုံးကျည် အစင်း ၃၀၀ ကျော် ပစ်ခတ်၍...
http://mizzimaburmese.com/article/52369,ကယ်လီဖိုးနီးယားတောမီးမှာ ထင်ရှားကျော်ကြားတဲ့...
http://mizzimaburmese.com/article/52363,နယ်စပ်စစ်ကင်းထောက်စခန်းတွေကို ကိုရီးယားနှစ်နိုင်...
http://mizzimaburmese.com/article/52360,ကမ္ဘောဒီးယားတို့ ကမ္ဘာ့အရှည်ဆုံး နဂါးလှေတစ်စင်...
http://mizzimaburmese.com/article/52357,ဂါဇာဒေသမှာ တိုက်ခိုက်မှုတွေ ဖြစ်လို့ ပါလက်စတိုင်း...
http://mizzimaburmese.com/article/52347,အလေးချိန် ၈၅၀ ဂရမ်ရှိ ရှားပါး အဖြူရောင် မြေအောင်...
http://mizzimaburmese.com/article/52344,လွန်ကျွံတဲ့ အမျိုးသားရေးဝါဒရဲ့ အန္တရာယ်ကို...
http://mizzimaburmese.com/article/52343,ကယ်လီဖိုးနီးယား တောမီးမှာ ပျောက်ဆုံးနေတဲ့ လူ ၁၀၀...
http://mizzimaburmese.com/article/53482,အမေရိကန် အချုပ်ခန်းမှာ သေဆုံးတဲ့ ဂွါတီမာလာက ခုနစ်နှစ် သမီးလေးကို နာရေးချ
http://mizzimaburmese.com/article/52337,သီရိလင်္ကာ လွှတ်တော် ဖျက်သိမ်းမှု ကုလ စိုးရိမ်
http://mizzimaburmese.com/article/52331,ကယ်လီဖိုးနီးယား တောမီးကြောင့် သေဆုံးသူ ၂၃ ဦးထိ ရှ...
http://mizzimaburmese.com/article/52328,ဘူတန် ရင်ချင်းဆက် အမွှာကို သြစတြေးလျဆရာဝန်တွေ...
http://mizzimaburmese.com/article/52327,ဘရာဇီး မြေပြိုမှု အနည်းဆုံး လူ ၁၀ ဦး သေဆုံး
http://mizzimaburmese.com/article/52326,ဘော့ဆွာနာမှာ ခြင်္သေ့လိုက်လို့ ထွက်ပြေးရင်း ကျွ...
http://mizzimaburmese.com/article/52325,ပထမကမ္ဘာစစ်ပြေငြိမ်းရေး စာချုပ် လက်မှတ်...
http://mizzimaburmese.com/article/52321,တရုတ်နဲ့ စစ်အေးတိုက်ပွဲ ဖန်တီးနေတာ မဟုတ်လို့...
http://mizzimaburmese.com/article/52318,ကယ်လီဖိုးနီးယားတောမီးကြောင့် မာလီဘူးမြို့နေ...
http://mizzimaburmese.com/article/52315,လူလုပ်နည်းပညာသုံး ကွန်ပျူတာပုံရိပ် သတင်းကြ...
http://mizzimaburmese.com/article/52311,ဂူယာနာမှာ အရေးပေါ်အခြေအနေကြောင့် ခရီးသည်တင်လေယာဉ...
http://mizzimaburmese.com/article/52309,ကယ်လီဖိုးနီးယားတောမီးမှာ လူငါးဦး သေဆုံးပြီး တစ်...
http://mizzimaburmese.com/article/52308,ထိုင်းစစ်အစိုးရကို ထိုးနှက်တဲ့ ရက်ပ်မြူးစစ်...
http://mizzimaburmese.com/article/53482,အမေရိကန် အချုပ်ခန်းမှာ သေဆုံးတဲ့ ဂွါတီမာလာက ခုနစ်နှစ် သမီးလေးကို နာရေးချ
http://mizzimaburmese.com/article/52307,မဲလ်ဘုန်းမြို့တွင် ဓားထိုးမှုကျူးလွန်ခဲ့သည့်...
http://mizzimaburmese.com/article/52306,တောမီးကာကွယ်ရန် ပေါ်တူဂီတွင် ဆိတ်များငှားရမ်းပြီး...
http://mizzimaburmese.com/article/52310,ကယ်လီဖိုးနီးယားတောမီးမှှာ လူငါးဦး သေဆုံးပြီး တစ်...
http://mizzimaburmese.com/article/52287, သြစတြေးလျနိုင်ငံ၊ မဲလ်ဘုန်းမြို့တွင် ဓားထိုးမှုဖ...
http://mizzimaburmese.com/article/52282,ပြင်းထန်စွာလောင်ကျွမ်းလျက်ရှိတဲ့ ကယ်...
http://mizzimaburmese.com/article/52280,ကယ်လီဖိုးနီယားအရက်ဘားအား ဝင်ရောက်ပစ်ခတ်ခဲ့သူ...
http://mizzimaburmese.com/article/52274,ကယ်လီဖိုးနီးယားက အရက်ဘားတစ်ခုအတွင်း သေနတ်သမား ဝင်...
http://mizzimaburmese.com/article/52271,စပိန်ဝန်ကြီးချုပ်ကို လုပ်ကြံသတ်ဖြတ်မယ်လို့...
http://mizzimaburmese.com/article/52268,ထရမ့်နဲ့ စကားအခြေအတင် ဖြစ်ပြီးနောက် စီအင်န်အင်န်...
http://mizzimaburmese.com/article/52266,ရုပ်တုများအား အများပြည်သူရှေ့ချပြနိုင်ရန် ကူဝိတ်...
http://mizzimaburmese.com/article/52261,နယူးယောက်မြို့မှာ မိတ်ကပ်ပညာရှင်အဖြစ် အလုပ်လုပ်...
http://mizzimaburmese.com/article/52259,ဒေပါဝလီပွဲတော်ကြီးအပြီး မီးခိုးမြူတွေ ဖုံးလွှမ်းက...
http://mizzimaburmese.com/article/53482,အမေရိကန် အချုပ်ခန်းမှာ သေဆုံးတဲ့ ဂွါတီမာလာက ခုနစ်နှစ် သမီးလေးကို နာရေးချ
http://mizzimaburmese.com/article/52258,ခွေးတွေကို အင်ဥရှာတတ်အောင် လေ့ကျင့်သင်ကြ...
http://mizzimaburmese.com/article/52257,မှောင်ခိုတင်ပို့မယ့်  အဆိပ်ပြင်းဖား ရာပေါင်းများစ...
http://mizzimaburmese.com/article/52253,သမ္မတ ဒေါ်နယ်ထရမ့်က ရှေ့နေချုပ် ဂျက်ဖ်ဆက်ရှင်ကို...
http://mizzimaburmese.com/article/52248,အမေရိကန် သက်တမ်းဝက်ရွေးကောက်ပွဲမှာ ဒီမိုကရက်တစ်တွ...
http://mizzimaburmese.com/article/52246,သြစတြေးလျမှာ ရထားတစ်စင်း စက်ခေါင်းမောင်းသူ ပါမသွ...
http://mizzimaburmese.com/article/52243,ပေကျင်းမြို့ ဖိုရမ်တစ်ခုရဲ့ စင်မြင့်ထက်မှာ မစင်...
http://mizzimaburmese.com/article/52238,ပြင်သစ်နိုင်ငံ မာဆေးမြို့မှာ လူသေဆုံးစေတဲ့ အဆောက်...
http://mizzimaburmese.com/article/52232,ဥရောပစစ်တပ်ဟာ ရုရှနဲ့ အမေရိကန်တို့ကို ခုခံကာကွယ်...
http://mizzimaburmese.com/article/52228,ဒီပါဝလီပွဲတော် တစ်စိတ်တစ်ပိုင်းအဖြစ် နီပေါက...
http://mizzimaburmese.com/article/52226,သြစတြေးလျရှိ မဟာဘယ်ရီယာသန္တာကျောက်တန်းနားတွင် ငါ...
http://mizzimaburmese.com/article/52219,အီဂျစ်နိုင်ငံ၊ ကိုင်ရိုမြို့ရှိ ရှေးဟောင်းဗလီမျ...
http://mizzimaburmese.com/article/52215,ဂရိတ်ဗြိတိန်ကျွန်းစုကြီးတစ်ခုလုံးကို ဖြတ်ကူးနိုင်...
http://mizzimaburmese.com/article/53482,အမေရိကန် အချုပ်ခန်းမှာ သေဆုံးတဲ့ ဂွါတီမာလာက ခုနစ်နှစ် သမီးလေးကို နာရေးချ
http://mizzimaburmese.com/article/52212,အီရန်ကို ဖိအားပေးရာမှာ သက်ညှာနေမှာ မဟုတ်ဘူးလို့...
http://mizzimaburmese.com/article/52211,နယူးဒေလီရဲ့ လေထုညစ်ညမ်းမှု အဆိပ်အတောက်အဆင့် ရောက်...
http://mizzimaburmese.com/article/52205,ကျူးဘားနဲ့ မြောက်ကိုရီးယား ခေါင်းဆောင်တွေ ပြုံယမ်...
http://mizzimaburmese.com/article/52200,အင်ဒိုနီးရှားလေယာဉ် ပင်လယ်ထဲ ပျက်ကျတာက အရှိန်မျ...
http://mizzimaburmese.com/article/52186,နယူးဒေလီရဲ့ လေထုညစ်ညမ်းမှုက သေဒဏ်ချလိုက်တာနဲ့ ဆင်...
http://mizzimaburmese.com/article/52185,လူသူအရောက်အပေါက်နည်းရာ ပါကစ္စတန် မြောက်ဖျားပိုင်...
http://mizzimaburmese.com/article/52182,မိုးသက်မုန်တိုင်းနဲ့ ရေကြီးမှုကြောင့် အီတလီမှာ...
http://mizzimaburmese.com/article/52181,ဒဏ်ခတ်ပိတ်ဆို့မှု ဆန်ရှင်တွေကို ဆန့်ကျင်ပြီး အီရန...
http://mizzimaburmese.com/article/52173,ပါကစ္စတန်က ‘တာလီဘန်တို့ရဲ့ ဖခင်’ ဆိုတဲ့ ဘာသာရေးခေ...
http://mizzimaburmese.com/article/52171,နယူးကာလီဒိုနီးယားကျွန်းစုက ပြင်သစ်မှ လွတ်လပ်ရေး ခ...
http://mizzimaburmese.com/article/52168,အီဂျစ်မှာ ဘုရားကျောင်းက ပြန်လာတဲ့ ခရစ်ယာန်တွေကို...
http://mizzimaburmese.com/article/52166,တောင်ကိုရီးယားမှာ လူထောင်သောင်းများစွာ တက်ရောက်...
http://mizzimaburmese.com/article/53482,အမေရိကန် အချုပ်ခန်းမှာ သေဆုံးတဲ့ ဂွါတီမာလာက ခုနစ်နှစ် သမီးလေးကို နာရေးချ
http://mizzimaburmese.com/world-news/52165,လက်စတာစီးတီး အသင်းပိုင်ရှင် အသုဘကို ထိုင်းစီးပွ...
http://mizzimaburmese.com/article/52159,အကြီးဆုံး နေတိုးစစ်ရေးလေ့ကျင်မှုဆီ ရုရှစစ်လေယာဉ်...
http://mizzimaburmese.com/article/52157,သွေးချောင်းစီးလူသတ်ပွဲကို ရှောင်လွဲဖို့ အချိန်နည်...
http://mizzimaburmese.com/article/52154,ပျက််ကျလေယာဉ်ကို ပင်လယ်ကြမ်းပြင််မှာ တွေ့ရတဲ့...
http://mizzimaburmese.com/news/52148,ထူးခြားဖြစ်စဉ်ကြောင့် အီရတ်တွင် ငါးကြင်းများ ထောင...
http://mizzimaburmese.com/news/52146,ဆင်းရဲချို့တဲ့သူတွေအတွက် ဆိုးလ်မြို့တော်က ကင်ချီ...
http://mizzimaburmese.com/news/52141,ဖုတ်ကောင်သဏ္ဍာန် လမ်းလျှောက်ပွဲ ဘရာဇီးတွင် ကျင်းပ
http://mizzimaburmese.com/news/52138,အရမ်းဝနေပါစေ၊ နယူးယောက်မာရသွန်ကို ဝင်ပြိုင်မှ...
http://mizzimaburmese.com/news/52137,ပါကစ္စတန်မှာ ဘာသာရေးတင်းမာသူတွေက တပ်တွင်းပုန်ကန်က...
http://mizzimaburmese.com/news/52136,တရုတ်နဲ့ အလွန်ကောင်းမွန်တဲ့ ကုန်သွယ်ရေးသဘောတူညီမှ...
http://mizzimaburmese.com/news/52131,တရုတ်မှာ ယာဉ်မောင်းနဲ့ ခရီးသည်အမျိုးသမီး ရန်ဖြစ်ပ...
http://mizzimaburmese.com/news/52119,တိရိစ္ဆာန်များအား သတ်ဖြတ်စားသုံးနေခြင်းမှ ရပ်တန့်...
http://mizzimaburmese.com/article/53482,အမေရိကန် အချုပ်ခန်းမှာ သေဆုံးတဲ့ ဂွါတီမာလာက ခုနစ်နှစ် သမီးလေးကို နာရေးချ
http://mizzimaburmese.com/news/52117, သတ်ဖြတ်ခံရတဲ့ သတင်းသမားတွေကို အောက်မေ့ဖွယ်အဖြစ်...
http://mizzimaburmese.com/news/52114,ကျောက်ခဲတွေနဲ့ လှမ်းပစ်မယ်ဆို ရိုင်ဖယ်သေနတ်ကို ပြ...
http://mizzimaburmese.com/news/52116,အစ္စရေးရှိ သံရုံးကို ဂျေရုဆလင်ဆီ ရွှေ့ပြောင်းမယ်...
http://mizzimaburmese.com/news/52106,ပင်လယ်ထဲ ပျက်ကျတဲ့ အင်ဒိုနီးရှား လေယာဉ်ရဲ့ Black...
http://mizzimaburmese.com/news/52105,မြောက်ကိုရီးယားအရာရှိတွေရဲ့ လိင်မတော်မတရားပြုတာတွ...
http://mizzimaburmese.com/news/52103,ကော်ဖီခွက်တစ်ခွက်ကို ဒေါ်လာ ၁၃၀၀ နီးပါး စာရင်းတင်...
http://mizzimaburmese.com/news/52098,နယူးယောက်က ဟော်လိုဝင်းည မြင်ကွင်းအဖုံဖုံ
http://mizzimaburmese.com/news/52096,အစာပြတ်လပ်မှုဒဏ်ကြောင့် သြစတြေးလျ သားပိုက်ကောင်၊...
http://mizzimaburmese.com/news/52092,ရုရှ ဗဟိုလုံခြုံရေးဌာနရုံးချုပ်ကို ဆယ်ကျော်သက်တစ်...
http://mizzimaburmese.com/news/52093,ပါကစ္စတန်မှာ ဘာသာရေးစော်ကားတဲ့ ခရစ်ယာန်အမျ...
http://mizzimaburmese.com/news/52090,နှစ်ရက်တာ လေပြင်းမုန်တိုင်းဒဏ် ကြုံလိုက်ရတဲ့...
http://mizzimaburmese.com/news/52082,ပါကစ္စတန်မှှာ ဘာသာရေးစော်ကားတဲ့ ခရစ်ယာန်အမျ...
http://mizzimaburmese.com/article/53482,အမေရိကန် အချုပ်ခန်းမှာ သေဆုံးတဲ့ ဂွါတီမာလာက ခုနစ်နှစ် သမီးလေးကို နာရေးချ
http://mizzimaburmese.com/news/52080,အာဖဂန်မှာ စစ်ရဟတ်ယာဉ်ပျက်ကျလို့ ၂၅ ဦးသေဆုံး
http://mizzimaburmese.com/news/52077,မက္ကဆီကိုထဲ တရားဝင် ဝင်ခွင့်ပေး၍ အမေရိကန်ကို ဦးတည...
http://mizzimaburmese.com/news/52069,ပါရီမြို့တွင် ချောကလက်ပွဲတော် ကျင်းပ
http://mizzimaburmese.com/news/52068,လေဘာတီရုပ်တုထက် နှစ်ဆကြီးတဲ့ ကမ္ဘာ့အကြီးဆုံး...
http://mizzimaburmese.com/news/52067,ဂျူးတွေကို ပစ်သတ်မှု ဖြစ်ရာဆီ သမ္မတ ထရမ့် လာရောက်...
http://mizzimaburmese.com/news/52065,လေထုညစ်ညမ်းမှုကြောင့် နှစ်စဉ် ကလေးငယ် ခြောက်သိန်း...
http://mizzimaburmese.com/news/52052,ဖိလစ်ပိုင်မှာ တိုင်ဖုန်းမုန်တိုင်း ယူတူဝင်ရောက်ပြ...
http://mizzimaburmese.com/news/52054,ဟော်လိုဝင်းဝတ်စုံများဖြင့် ရေလွှာလှိုင်းစီးခဲ့ကြ...
http://mizzimaburmese.com/news/52053,ကုသပြုစုရတဲ့ လူနာ ၁၀၀ ကျော်ကို သတ်ဖြတ်မှုနဲ့ ဂျ...
http://mizzimaburmese.com/news/52039,အမေရိကန်ဆီ ဦးတည်လာနေတဲ့ ရွှေ့ပြောင်းလူများ စီးဝင်...
http://mizzimaburmese.com/news/52038,ကမ္ဘာ့အကြီးဆုံးဖြစ်လာမယ့် အစ္စတန်ဘူလ်လေဆိပ်သစ်ကြ...
http://mizzimaburmese.com/news/52036, အင်ဒိုနီးရှား လေယာဉ်ပျက်ကျမှုမှာ အားလုံးသေဆုံးဖွ...
http://mizzimaburmese.com/article/53482,အမေရိကန် အချုပ်ခန်းမှာ သေဆုံးတဲ့ ဂွါတီမာလာက ခုနစ်နှစ် သမီးလေးကို နာရေးချ
http://mizzimaburmese.com/news/52033,ငရဲတမျှ ဆိုးဝါးတဲ့ တိရစ္ဆာန်ရုံကို ရဲဝင်စီးပြီး...
http://mizzimaburmese.com/news/52028,ရွှေ့ပြောင်းသူတွေက မက္ကဆီကိုနယ်စပ်စည်းရိုးကို ချ...
http://mizzimaburmese.com/news/52026,နွားရိုင်းနဲ့ လုံးထွေးသတ်ပုတ်ရတဲ့ တရုတ်ကိုယ်...
http://mizzimaburmese.com/news/52022,ပင်လယ်ထဲ ပျက်ကျတဲ့ အင်ဒိုနီးရှား လေယာဉ်ဟာ ပြ...
http://mizzimaburmese.com/news/52014,ခရီးသည်နဲ့ အမှုထမ်း ၁၈၈ ဦးပါ အင်ဒိုနီးရှား လေယာဉ...
http://mizzimaburmese.com/news/52008,လက်ယာစွန်းဝါဒီ ဘော်ဆိုနာရိုက ဘရာဇီးရွေးကောက်ပွဲမှ...
http://mizzimaburmese.com/news/52007,သမ္မတထရမ့်နဲ့ သမ္မတကတော်တို့ အိမ်ဖြူတော်မှာ ကျင်...
http://mizzimaburmese.com/news/52003,ယီမင်မှာ ဥမမယ်စာမမြောက်အရွယ် နို့စို့ကလေးငယ်တွေပ...
http://mizzimaburmese.com/news/52000,ဘရာဇီးမှာ လက်ယာစွန်းသမ္မတလောင်းကို ဆိုင်ကယ်ရာပေါင...
http://mizzimaburmese.com/news/52002,အာဆတ်ရဲ့ ကံကြမ္မာကို ဆီးရီးယားပြည်သူတွေက ဆုံးဖြတ်...
http://mizzimaburmese.com/news/51999,အမေရိကန်မှာ ဂျူးဆန့်ကျင်ရေးဝါဒီတစ်ဦးက ရဟူဒီဘုရားက...
http://mizzimaburmese.com/news/52001,ကမ္ဘာ့စံချိန်တင်ဖို့ လူငယ်လေးတစ်ဦးရဲ့ ခဲတံတွေနဲ့...
http://mizzimaburmese.com/article/53482,အမေရိကန် အချုပ်ခန်းမှာ သေဆုံးတဲ့ ဂွါတီမာလာက ခုနစ်နှစ် သမီးလေးကို နာရေးချ
http://mizzimaburmese.com/news/51998,သတင်းထောက်ကို သတ်ဖြတ်သူတွေကို နိုင်ငံလွှဲပြောင်...
http://mizzimaburmese.com/news/51907,ပါရီမြို့က သက်ဝင်လှုပ်ရှား ကာတွန်းဇာတ်ကောင်များ ပ...
http://mizzimaburmese.com/news/51909,လေယာဉ်မမောင်းတတ်ပေမယ့် လေယာဉ်ပျံဆောက်လိုက်တဲ့...
http://mizzimaburmese.com/news/51906,ဒုံးကျည်တိုက်ခိုက်မှုတွေကို လက်တုံ့ပြန်ပြီး ဟားမတ...
http://mizzimaburmese.com/news/51908,သီရိလင်္ကာသမ္မတက ဝန်ကြီးချုပ်ကို ထုတ်ပယ်လိုက်တာကြ...
http://mizzimaburmese.com/news/51910,အိန္ဒိယလယ်သမားတွေရဲ့ အကြွေးတွေကျေအောင် ဆပ်ပေးမယ့...
http://mizzimaburmese.com/news/51842,အသက် ၁၁၈ နှစ်ရှိ ဘိုလီးဗီးယားအမျိုးသမီးအား ဂင်းနစ...
http://mizzimaburmese.com/news/51840,ချီလီမြို့တော်မှာ အများပြည်သူ အာရုံကို ဖမ်...
http://mizzimaburmese.com/news/51839,ဒေါ်နယ်ထရမ့်ကို ဝေဖန်သူ အထင်ကရပုဂ္ဂိုလ်တွေဆီ ပါဆယ...
http://mizzimaburmese.com/news/51835,ဂျပန်ဝန်ကြီးချုပ်ရဲ့ ရှားရှားပါးပါး သမိုင်းဝင်...
http://mizzimaburmese.com/news/51837,၆ လကြာ ပြုပြင်ထိန်းသိမ်းခဲ့သည့် ဖိလစ်ပိုင်၏ နာမည်...
http://mizzimaburmese.com/news/51836,ဥဝပ်လို့ သားပေါက်ပြီး မိဘနေရာ ရောက်လာတဲ့ လိင်တူ...
http://mizzimaburmese.com/article/53482,အမေရိကန် အချုပ်ခန်းမှာ သေဆုံးတဲ့ ဂွါတီမာလာက ခုနစ်နှစ် သမီးလေးကို နာရေးချ
http://mizzimaburmese.com/news/51834,ပါရီတိရိစ္ဆာန်ရုံရဲ့ အသက်အငယ်ဆုံး လူဝံမလေး
http://mizzimaburmese.com/news/51833,အနာဂတ်ရဲတပ်ဖွဲ့ကို တပ်ဆင်ပေးမယ့် လုံခြုံရေးဆိုင်...
http://mizzimaburmese.com/news/51768,ချမ်းသာကြွယ်ဝမှုများကို ထုတ်ဖော်ပြသတဲ့ စိန်ခေါ်မှ...
http://mizzimaburmese.com/news/51767,အာဖရိကရဲ့ တစ်ဦးတည်းသော အမျိုးသမီးသမ္မတအဖြစ်...
http://mizzimaburmese.com/news/51766,လန်ဒန်က မိုးမျှော်တိုက်ကြီးပေါ် ကိုယ်လွတ်တက်ပြတဲ့...
http://mizzimaburmese.com/news/51765, သမ္မတထရမ့်ကို ဝေဖန်သူ အထင်ကရ ဒီမိုကရက်တွေထံ ပါဆယ...
http://mizzimaburmese.com/news/51731,ဂါဇာကမ်းမြှောင်ဒေသကို လေကြောင်းကနေ တိုက်ခိုက်ခဲ့မ...
http://mizzimaburmese.com/news/51733,အိုဘားမား၊ ကလင်တန် အပါအဝင် ထင်ရှားတဲ့ ပုဂ္ဂိုလ်တစ...
http://mizzimaburmese.com/news/51730,ကမ္ဘာမှာ ပလတ်စတစ်စွန့်ပစ်ပစ္စည်း အများဆုံး ထွက်ရှ...
http://mizzimaburmese.com/news/51732,ဟနွိုင်းမြို့တွင်းက ပြင်သစ်တို့ ဖောက်ခဲ့တဲ့...
http://mizzimaburmese.com/news/51736,"နှစ်သက်တမ်းပေါင်း ၂,၄၀၀ ရှိ ရှေ့ဟောင်းသင်္ဘောပျက်..."
http://mizzimaburmese.com/news/51738,ပီရူးရောက် ဗင်နီဇွဲလား ရွှေ့ပြောင်းအခြေချသူတွေဆီ...
