http://mizzimaburmese.com/article/53479,ဥရောပသမဂ္ဂ ကုန်သွယ်မှုအထူးအခွင့်အရေးဆက်လက်ရရှိရန် ညှိနှိုင်းနေ
http://mizzimaburmese.com/article/53435,ရော်ဘာစေးခံကော်ခွက်များ အစားထိုးသုံးသော်လည်း စဉ့်...
http://mizzimaburmese.com/article/53369, လူလတ်တန်းစားများအတွက် City Loft တန်ဖိုးသင့်အိမ်...
http://mizzimaburmese.com/article/53364,အုတ်ဖုတ်လုပ်ငန်း စရိတ်စကကြီးမြင့်လာသော်လည်း အုတ်စ...
http://mizzimaburmese.com/article/53357,ဗဟိုဘဏ်၏ ဒေါ်လာ ၃၄သန်း ဝယ်ယူမှု စျေးကွက်အပေါ်...
http://mizzimaburmese.com/article/53302,"အိန္ဒိယ-မြန်မာ မဏိပူရ် Business Matching,..."
http://mizzimaburmese.com/article/53299,မကွေးတိုင်းအတွင်း ပဲစင်းငုံစျေးတက်လာသော်လည်း စိုက...
http://mizzimaburmese.com/article/53257,GSP ပြန်လည်ရုပ်သိမ်းပါက အထည်ချုပ်လုပ်ငန်းနှင့်...
http://mizzimaburmese.com/article/53171,ပြည်တွင်း အလားအလာရှိသော ထုတ်ကုန်လုပ်ငန်းများအတွက...
http://mizzimaburmese.com/article/53160,မြိတ်တွင် ဓနိပျား လုပ်ကိုင်သူ ထက်ဝက်ကျော် ကျဆင်း
http://mizzimaburmese.com/article/53158,စီးပွားရေးတိုးတက်မှုနှုန်း နှေးကွေးလာနိုင်ကြောင်း...
http://mizzimaburmese.com/article/53140,မြန်မာနိုင်ငံ၏စီးပွားရေးတိုးတက်လာသော်လည်း ရခိုင်...
http://mizzimaburmese.com/article/53107,ငွေကြေးအရင်းအနှီးစျေးကွက် ဖွံ့ဖြိုးတိုးတက်လာရန်...
http://mizzimaburmese.com/article/53479,ဥရောပသမဂ္ဂ ကုန်သွယ်မှုအထူးအခွင့်အရေးဆက်လက်ရရှိရန် ညှိနှိုင်းနေ
http://mizzimaburmese.com/article/53069,ဒေါ်လာအများအပြား ဝယ်ယူမှုမှာ ဗဟိုဘဏ်မှ စျေးကွက်ထဲ...
http://mizzimaburmese.com/article/53063, ပုဂ္ဂလိဘဏ်ခွဲများ တိုးချဲ့ဖွင့်လှစ်ရာတွင် ဗဟိုဘဏ...
http://mizzimaburmese.com/article/53027,အခွန်ဆောင်ထားသည့် ဆက်သွယ်ရေးကုမ္ပဏီများစာရင်းတွင...
http://mizzimaburmese.com/article/53019,ဒေါ်လာစျေး ကျဆင်းမှုကြောင့် နှမ်းနက်စျေးနှုန်းအပေ...
http://mizzimaburmese.com/article/53013,မြန်မာနိုင်ငံ၏ လျှပ်စစ်ကဏ္ဍတွင် အိန္ဒိယက အဓိကရင်...
http://mizzimaburmese.com/article/53001,အိန္ဒိယနိုင်ငံ၏ ထုတ်ကုန်များနှင့် စက်မှုလုပ်ငန်းမ...
http://mizzimaburmese.com/article/52973,ဆက်သွယ်ရေးကုမ္ပဏီများ အခွန်ဆောင်သည့်စာရင်းတွင်...
http://mizzimaburmese.com/article/52840, ၂၀၁၉တွင် မြန်မာနိုင်ငံသို့ ရင်းနှီးမြှုပ်နှံမှုမ...
http://mizzimaburmese.com/article/52803, ဧရာဝတီရင်းနှီးမြှုပ်နှံမှုပွဲမှ ထွက်ပေါ်လာသော...
http://mizzimaburmese.com/article/52801,မြန်မာ-နီပေါ ကုန်သွယ်ရေး မြှင့်တင်ဖို့ ဒေါ်အောင်...
http://mizzimaburmese.com/article/52762, ပဲများကို အိန္ဒိယသို့ ပြန်တင်ပို့နိုင်ရေး နှစ်...
http://mizzimaburmese.com/article/52757,ပြည်ပသို့ ဆန်တင်ပို့ရာတွင် အင်ဒိုနီးရှားနှင့်...
http://mizzimaburmese.com/article/53479,ဥရောပသမဂ္ဂ ကုန်သွယ်မှုအထူးအခွင့်အရေးဆက်လက်ရရှိရန် ညှိနှိုင်းနေ
http://mizzimaburmese.com/article/52716,နိုင်ငံတကာမှာပါ သုံးနိုင်မည်ဆိုသော MPU Union Pay...
http://mizzimaburmese.com/article/52598,ချင်းပြည်နယ်တွင် နိုင်ငံခြားရင်းနှီးမြှုပ်နှံမှု...
http://mizzimaburmese.com/article/52590,ပြည်တွင်းငွေဖြင့်သာ အသုံးပြုရမည် ဆိုသောအချက်ကို...
http://mizzimaburmese.com/article/52556,  ရင်းနှီးမြှပ်နှံမှုများကို အစွမ်းကုန်မြှင့်တင်...
http://mizzimaburmese.com/article/52538,ကုန်စျေးနှုန်းတက်၍ ရေသန့်ဘူးစျေးများ တက်နိုင်ဟု...
http://mizzimaburmese.com/article/52516,ကမ္ဘာ့ဘဏ်၏ စီးပွားရေးလုပ်ကိုင်ရလွယ်ကူမှု အညွှန်...
http://mizzimaburmese.com/article/52489,ရန်ကုန်တိုင်းတွင် MSMEs စီပွားရေးလုပ်ငန်းရှင်...
http://mizzimaburmese.com/article/52464,ရန်ကုန်လေဆိပ်တွင် ပြည်ပလေကြောင်းလိုင်း  ၄ ခုခန့်...
http://mizzimaburmese.com/article/52449,စီးပွားရေးနှင့် ကျေးလက်ဖွံ့ဖြိုးရေးအတွက် ယူရို ၃၄...
http://mizzimaburmese.com/article/52429,ပြည်တွင်းစီးပွားရေးလုပ်ငန်းရှင်များအနေဖြင့် နိုင်...
http://mizzimaburmese.com/article/52296,"မြန်မာရဲ့ ""အရှေ့မျှော် ၀ါဒ"""
http://mizzimaburmese.com/article/52294,စားသောက်ကုန်များ ဘေးကင်းလုံခြုံရေးအတွက် Food...
http://mizzimaburmese.com/article/53479,ဥရောပသမဂ္ဂ ကုန်သွယ်မှုအထူးအခွင့်အရေးဆက်လက်ရရှိရန် ညှိနှိုင်းနေ
http://mizzimaburmese.com/article/52272,ရခိုင်ပြည်နယ်တွင် ရင်းနှီးမြုပ်နှံရန် အိန္ဒိယနိုင...
http://mizzimaburmese.com/article/52231,ပြည်တွင်းပြည်ပမှ ရင်းနှီးမြှုပ်နှံသူများအတွက်...
http://mizzimaburmese.com/news/52110,အခွန်ကင်းလွတ်ခွင့် ရုပ်သိမ်းရေးနှင့်ပတ်သက်ပြီး တွ...
http://mizzimaburmese.com/news/52104,ပြည်ပစက်သုံးဆီလုပ်ငန်းများ ဝင်ရောက်လာရန် ဆောင်ရွက...
http://mizzimaburmese.com/news/52056,အီးယူမှ ကုန်သွယ်ခွန်ကင်းလွတ်ခွင့် ပိတ်သိမ်းမည်...
http://mizzimaburmese.com/news/51825,စားသုံးသူဘေးကင်းလုံခြုံရေးအတွက် ကုန်စည်များတွင် မ...
http://mizzimaburmese.com/news/50859,မြန်မာနိုင်ငံအတွက် ရင်းနှီးမြှုပ်နှံမှုများ ဖိတ်...
http://mizzimaburmese.com/news/50700,နိုင်ငံတကာသို့ ရွှေတင်ပို့ခြင်းဖြင့် ကုန်သွယ်မှ...
http://mizzimaburmese.com/news/50681,ရွှေစျေးကျစေရန် လေပတ်ကားဝယ်ယူမှုအပါအဝင် အချက်...
http://mizzimaburmese.com/news/50660,နိုင်ငံခြားရင်းနှီးမြှုပ်နှံမှုတွင် ကန်ဒေါ်လာ...
http://mizzimaburmese.com/news/50619,ပုသိမ်အနီး ကမ်းလွန်လုပ်ကွက် A-6 တွင် သဘာဝဓာတ်ငွေ့...
http://mizzimaburmese.com/news/50281,MLM လုပ်ငန်းများ တိုက်ရိုက်ရောင်းချသည့် Direct...
http://mizzimaburmese.com/article/53479,ဥရောပသမဂ္ဂ ကုန်သွယ်မှုအထူးအခွင့်အရေးဆက်လက်ရရှိရန် ညှိနှိုင်းနေ
http://mizzimaburmese.com/news/50301,မြိတ်ကျွန်းစုအတွင်းရှိ စမတ်ကျွန်းတွင် ရင်းနှီးမြှ...
http://mizzimaburmese.com/news/50259,"""MLM လုပ်ငန်းကိုလုပ်တယ်ဆိုတာနဲ့ အရေးယူလို့ရသ..."
http://mizzimaburmese.com/news/50459,လာမည့်နှစ် နိုင်ငံခြားရင်းနှီးမြှုပ်နှံမှု အခြ...
http://mizzimaburmese.com/news/50500, အမည်ပျက်စာရင်း သွင်းခံရသည့် တင်ဒါအောင် ကုမ္ပဏီိမ...
http://mizzimaburmese.com/article/42029,ဒေါ်လာစျေးတည်ငြိမ်ရန် ပြင်ပငွေကြေး စျေးကစားမှုကို...
http://mizzimaburmese.com/article/41710,ရန်ကုန်တိုင်းအစိုးရ၏ တန်ဖိုးနည်းနှင့် တန်ဖိုးသင့်...
http://mizzimaburmese.com/article/41696,ချင်းပြည်နယ်ထွက် ၀ဥ(ခေါ်) ဖျံဥကို နိုင်ငံခြ...
http://mizzimaburmese.com/article/41684,ကြက်သွန်နီများ ကြာရှည်အထားမခံ၊ အဝင်များပြီး စျေးန...
http://mizzimaburmese.com/article/41671,မြန်မာနိုင်ငံရှိ ကုမ္ပဏီများနှင့် သက်တမ်းပျက်...
http://mizzimaburmese.com/article/41563,၀န်ထမ်းလစာ ဖူလုံမှုမရှိပါက ဘယ်အစိုးရတက်တက် အခက်...
http://mizzimaburmese.com/article/41489,ရခိုင်ပြည်နယ်အတွင်း  စီးပွားရေးလုပ်ငန်း Pilot...
http://mizzimaburmese.com/article/41367,အိမ်ခြံမြေဝန်ဆောင်မှု ဥပဒေကြမ်းကြောင့် လုပ်ငန်...
http://mizzimaburmese.com/article/53479,ဥရောပသမဂ္ဂ ကုန်သွယ်မှုအထူးအခွင့်အရေးဆက်လက်ရရှိရန် ညှိနှိုင်းနေ
http://mizzimaburmese.com/article/41319,စံချိန်တင် ကန်ဒေါ်လာစျေးနှုန်းမြင့်မှုကြောင့် သွင...
http://mizzimaburmese.com/article/41265,တရုတ်တင်သွင်းထားသည့် စီးပွားစင်္ကြန်လမ်း ၂၀၁၈ အတွ...
http://mizzimaburmese.com/article/41203,ကွန်ဒို၊ တိုက်ခန်း နည်းဥပဒေများထွက်လာလျှင် အရောင်...
http://mizzimaburmese.com/article/41143,ကျောက်ဖြူ ရေနက်ဆိပ်ကမ်း စီမံကိန်း မကြာမီစတင်မည်...
http://mizzimaburmese.com/article/41128,ဒေါ်လာစျေး မြင့်တက်မှုနှင့် မတည်ငြိမ်မှုများကို...
http://mizzimaburmese.com/article/41115,မှောင်ခို တင်သွင်းနေမှုများကြောင့် ပြည်တွင်းရှိ...
http://mizzimaburmese.com/article/41059,ကမ္ဘာ့ဘဏ်က မြန်မာနိုင်ငံကို ဆက်လက်ကူညီမည်
http://mizzimaburmese.com/article/41041,ဒေါ်လာစျေးတက်မှုကို အစိုးရမှ အချိန်မီ ထိန်းချုပ်...
http://mizzimaburmese.com/article/40945,လုပ်ငန်းပါမစ်ချပေးရေးအပါအဝင် MIC လုပ်ငန်းများ မြန...
http://mizzimaburmese.com/article/40944,၅၅ ကြိမ်မြောက်ရတနာပြပွဲတွင် ရောင်းချငွေ ယူရိုသန်း...
http://mizzimaburmese.com/article/40912,ကုမ္ပဏီများဥပဒေသစ်နှင့်အတူ အွန်လိုင်းစနစ် အသက်ဝင်...
http://mizzimaburmese.com/article/40903,ဧရာဝတီတိုင်းဒေသကြီး ၀န်ကြီးချုပ်သစ်လက်ထက်တွင် ရင်...
