https://sportsmyanmar.com/archives/17059,သူ ပထမဆံုး ကိုင္တြယ္တဲ့ ပထမဆံုး အိမ္ကြင္း ပြဲစဥ္ မွာ မာရွယ္ ဘာ့ေၾကာင့္ မပါဝင္ ခဲ့တာလဲ ရွင္းျပ လိုက္တဲ့ #ဆုိးလ္ရွား
https://sportsmyanmar.com/archives/17057,နည္းျပ အမ္မရီအေနနဲ႔ အုိေဇးလ္ ကုိ အသင္းက ထြက္ခြာခြင့္ ေပးဖြယ္ မရွိၾကာင္း မွတ္ခ်က္ေပးလုိက္တဲ့ #ဂက္ခရြတ္ခ္
https://sportsmyanmar.com/archives/17054,ယေန႕ည ဝက္ဖို႕ဒ္ နဲ႕ ပြဲစဥ္ မွာ ျပန္လည္ ပါဝင္ လာေတာ့မယ့္ #မိုရာတာ
https://sportsmyanmar.com/archives/17052,Boxing Day ပြဲစဥ္ေတြရဲ႕ဘုရင္ #မန္ခ်က္စတာယူႏိုက္တက္
https://sportsmyanmar.com/archives/17046,EPL Boxing Day ရဲ႕ အေကာင္းဆံုးပြဲစဥ္မ်ား
https://sportsmyanmar.com/archives/17044,Aubameyang : အီးမရိတ္ကြင္းက အေျမာက္တပ္ဗိုလ္
https://sportsmyanmar.com/archives/17040,ေရာ္နယ္ဒို၊ ပီယာတက္ခ္၊ ကူလီဘာလီတို့ဦးေဆာင္ေနတဲ႔စီးရီးေအရာသီဝက္အေကာင္းဆံုးအသင္း
https://sportsmyanmar.com/archives/17038,မက္ဆီမရွိေတာ့တဲ႔အခ်ိန္မွာဘာေတြျဖစ္သြားမလဲဆိုတာရီးရဲလ္ကိုနမူနာယူဖို႔သတိေပးလိုက္တဲ့#ေဂ်ာ္ဒီခရိုက္ဖ္
https://sportsmyanmar.com/archives/17036,နယူးကာဆယ္ နဲ႕ပြဲအတြက္ အခ်က္အလက္ေတြနဲ႕အတူ .. လီဗာပူး သတင္းတိုမ်ား
https://sportsmyanmar.com/archives/17034,ဘရုိက္တန္ အသင္းနဲ႔ ပြဲမတုိင္မွီ အာဆင္နယ္ သတင္းတုိမ်ား ႏွင့္ ထူးျခား မွတ္တမ္းမ်ား
https://sportsmyanmar.com/archives/17059,သူ ပထမဆံုး ကိုင္တြယ္တဲ့ ပထမဆံုး အိမ္ကြင္း ပြဲစဥ္ မွာ မာရွယ္ ဘာ့ေၾကာင့္ မပါဝင္ ခဲ့တာလဲ ရွင္းျပ လိုက္တဲ့ #ဆုိးလ္ရွား
https://sportsmyanmar.com/archives/17057,နည္းျပ အမ္မရီအေနနဲ႔ အုိေဇးလ္ ကုိ အသင္းက ထြက္ခြာခြင့္ ေပးဖြယ္ မရွိၾကာင္း မွတ္ခ်က္ေပးလုိက္တဲ့ #ဂက္ခရြတ္ခ္
https://sportsmyanmar.com/archives/17054,ယေန႕ည ဝက္ဖို႕ဒ္ နဲ႕ ပြဲစဥ္ မွာ ျပန္လည္ ပါဝင္ လာေတာ့မယ့္ #မိုရာတာ
https://sportsmyanmar.com/archives/17052,Boxing Day ပြဲစဥ္ေတြရဲ႕ဘုရင္ #မန္ခ်က္စတာယူႏိုက္တက္
https://sportsmyanmar.com/archives/17046,EPL Boxing Day ရဲ႕ အေကာင္းဆံုးပြဲစဥ္မ်ား
https://sportsmyanmar.com/archives/17044,Aubameyang : အီးမရိတ္ကြင္းက အေျမာက္တပ္ဗိုလ္
https://sportsmyanmar.com/archives/17040,ေရာ္နယ္ဒို၊ ပီယာတက္ခ္၊ ကူလီဘာလီတို့ဦးေဆာင္ေနတဲ႔စီးရီးေအရာသီဝက္အေကာင္းဆံုးအသင္း
https://sportsmyanmar.com/archives/17038,မက္ဆီမရွိေတာ့တဲ႔အခ်ိန္မွာဘာေတြျဖစ္သြားမလဲဆိုတာရီးရဲလ္ကိုနမူနာယူဖို႔သတိေပးလိုက္တဲ့#ေဂ်ာ္ဒီခရိုက္ဖ္
https://sportsmyanmar.com/archives/17036,နယူးကာဆယ္ နဲ႕ပြဲအတြက္ အခ်က္အလက္ေတြနဲ႕အတူ .. လီဗာပူး သတင္းတိုမ်ား
https://sportsmyanmar.com/archives/17034,ဘရုိက္တန္ အသင္းနဲ႔ ပြဲမတုိင္မွီ အာဆင္နယ္ သတင္းတုိမ်ား ႏွင့္ ထူးျခား မွတ္တမ္းမ်ား
https://sportsmyanmar.com/archives/17032,လီဗာပူး ရဲ႕ ပရီးမီးယားလိဂ္ ခ်န္ပီယံဆု ေမွ်ာ္လင့္ခ်က္ နဲ႔ ပတ္သက္ျပီး မွတ္ခ်က္ ေပးသြားတဲ့ #ဘင္နီတက္ဇ္
https://sportsmyanmar.com/archives/17029,ပီတာဆက္ခ်္ ေနရာ အစားထုိးဖုိ႔ နာဗက္စ္ ကုိ ေခၚယူဖုိ႕ စိတ္ဝင္စားေနတဲ့ အာဆင္နယ္ အသင္း
https://sportsmyanmar.com/archives/17025,မန္ခ်က္စတာ ယူႏုိက္တတ္ သတင္းတိုမ်ား
https://sportsmyanmar.com/archives/17022,လီဗာပူး မွာ ယာဂန္ကေလာ့ သူ႕တုန္းကထက္ ပိုမို ကံေကာင္းတဲ့ အေၾကာင္းရင္းကို ေျပာျပလိုက္တဲ့ ဘင္နီတက္ဇ္
https://sportsmyanmar.com/archives/17020,အူဘာမီယန္း နဲ႔ လာကာဇက္ ႏွွစ္ဦးစလုံးကုိ တုိက္စစ္မွာ ပြဲထြက္ အသုံးျပဳသင့္ေၾကာင္း သုံးသပ္ေျပာၾကားလုိက္တဲ့ ေရးပါလာ
https://sportsmyanmar.com/archives/17018,ဝက္ဖို႕ဒ္ နဲ႕ ပြဲ မတိုင္ခင္ အခ်က္အလက္ တခ်ိဳ႕ နဲ႕ အျခား ခ်ယ္လ္ဆီး သတင္းတို မ်ား
https://sportsmyanmar.com/archives/17016,ဒီတစ္ပတ္ အတြက္ ေလာ္ရိုးရဲ႕ ခန္႔မွန္းခ်က္မ်ား
https://sportsmyanmar.com/archives/17013,ဒီတစ္ပတ္ အတြက္ ေလာ္ရိုးရဲ႕ ခန္႔မွန္းခ်က္မ်ား
https://sportsmyanmar.com/archives/17011,ဒီတစ္ပတ္ အတြက္ ေလာ္ရိုးရဲ႕ ခန္႔မွန္းခ်က္မ်ား
https://sportsmyanmar.com/archives/17007,ရီးရဲလ္ မက္ဒရစ္ နဲ႕ ဘာကာ မွ ခ်ိတ္ဆက္ ေနတဲ့ ဟာဇတ္ နဲ႕ ခရစ္တန္ဆန္ တို႕ကို သတိေပး စကား ဆိုခဲ့တဲ့ #အက္ဆီယန္
https://sportsmyanmar.com/archives/17003,ဆရာေဟာင္းေမာ္ရင္ဟိုရီးရဲလ္အသင္းကိုျပန္လာပါက ရာမို့စ္ဘာလုပ္သြားမွာလဲ?
https://sportsmyanmar.com/archives/17001,ခ်ယ္လ္ဆီး အသင္း ဟာ သူ႕ကို ဘယ္ေလာက္ ထိ တိုးတက္ ေျပာင္းလဲ ေစခဲ့သလဲ ဆိုတာ ေျပာျပ ခဲ့တဲ့ #ဟာဇတ္
https://sportsmyanmar.com/archives/16999,ခ်ယ္လ္ဆီး အသင္း ဟာ သူ႕ကို ဘယ္ေလာက္ ထိ တိုးတက္ ေျပာင္းလဲ ေစခဲ့သလဲ ဆိုတာ ေျပာျပ ခဲ့တဲ့ #ဟာဇတ္
https://sportsmyanmar.com/archives/16997,ခရစၥမတ္ ကာလမွာ ကေလးငယ္ေတြ ထူးျခားေတြ အစီအစဥ္ေတြ လုပ္ေဆာင္ေပးခဲ့လို႔ ခ်ီးက်ဴး ခံေနရတဲ့ #ဟန္ဒါဆင္
https://sportsmyanmar.com/archives/16994,ခရစၥမတ္ ကာလမွာ ကေလးငယ္ေတြ ထူးျခားေတြ အစီအစဥ္ေတြ လုပ္ေဆာင္ေပးခဲ့လို႔ ခ်ီးက်ဴး ခံေနရတဲ့ #ဟန္ဒါဆင္
https://sportsmyanmar.com/archives/16991,ေတာ့တင္ဟမ္ – ဘုန္းေမာက္ ပြဲစဥ္အတြက္ မုိက္ကယ္အို၀င္ ရဲ႕ ခန္႔မွန္းမႈ
https://sportsmyanmar.com/archives/16986,ဗန္ဒိုက္ နဲ႕ အလီဆြန္ တုိ႕ ဘာေၾကာင့္ လီဗာပူး မွာ ၾကီးၾကီးမားမား ေအာင္ျမင္ေနသလဲ ဆုိတာကုိ ရွင္းျပလိုက္တဲ့ ၀ိုင္နယ္ဒန္
https://sportsmyanmar.com/archives/16987,နံနက္ခင္း သတင္းမ်ား
https://sportsmyanmar.com/archives/16982,လီဗာပူး Vs နယူးကာဆယ္ တုိ႕ရဲ႕ ေဘာက္ဆင္ေဒး ပြဲစဥ္ အတြက္ မုိက္ကယ္အုိ၀င္ရဲ႕ ခန္႕မွန္းသံုးသပ္ခ်က္
https://sportsmyanmar.com/archives/16979,ဘာစီလိုနာအသင္းကို ေနမာဘက္ကေန ဆက္သြယ္ေနေၾကာင္း သတင္းေပၚထြက္လာ
https://sportsmyanmar.com/archives/16976,ယေန႔ည ပြဲစဥ္ကို အန္တိုနီမာရွယ္ လြဲေခ်ာ္မည္လား ?
https://sportsmyanmar.com/archives/16968,ဘရိုက္တန္၊ လီဗာပူး တို႔နဲ႔ပြဲမတိုင္မီ ေတာ္ရဲယားကို ဘယ္လိုအျကံမ်ိဳး ေပးသြားမယ္ဆိုတာကိုေျပာျပလိုက္တဲ႔ #အူႏိုင္းအမ္မရီ
https://sportsmyanmar.com/archives/16964,ေနမာ ကို အသင္းမွာျပန္ျမင္တယ္လို႔ဆုိျပန္တဲ့ ေနာက္ထပ္ ဘာစီလုိနာကစားသမား
https://sportsmyanmar.com/archives/16960,အာဆင္နယ္အသင္းကို လာေရာက္ကစားခ်င္တဲ႔အေျကာင္းအရိပ္အျမြက္ေျပာသြားခဲ႔တဲ႔ #နာဘီဖီကာ
https://sportsmyanmar.com/archives/16958,ဘာစီလိုနာအသင္းကို ေနမာဘက္ကေန ဆက္သြယ္ေနေၾကာင္း သတင္းေပၚထြက္လာ
https://sportsmyanmar.com/archives/16955,မန္ခ်က္စတာ ယူနိုက္တက္ အသင္း ဟာ အိုးလ္ ထရပ္ဖုိ့ဒ္ မွာ ကစား တာကို ေပ်ာ္ရႊင္ ႏွစ္သက္ ရ ပါ့မယ္ လို့ ေျပာၾကား လိုက္တဲ့ #ဆုိလ္ရွား
https://sportsmyanmar.com/archives/16953,အတၱလန္တာ နဲ႕ပြဲမွာ ခရစ္စတီယာႏုိ ေရာ္နယ္ဒို ကို ခ်န္လွပ္သြားမယ့္ အေၾကာင္းရင္း ကို ေျပာျပလုိက္တဲ့ အယ္လီဂရီ
https://sportsmyanmar.com/archives/16951,မန္စီးတီး ဟာ မႏွစ္ကထက္ ဘာေၾကာင့္ ပုိမုိ ေကာင္းမြန္ေနသလဲ ဆုိတာကို ရွင္းျပလိုက္တဲ့ ဂြာဒီယိုလာ
https://sportsmyanmar.com/archives/16949,ဒီရာသီ ခ်န္ပီယံလိဂ္ ဆုေၾကး အမ်ားဆံုး ကလပ္ေတြ အျဖစ္ ဦးေဆာင္ေနတဲ့ ဘာစီလိုနာ နဲ႔ ရီးရဲ မက္ဒရစ္
https://sportsmyanmar.com/archives/16943,“Now we are free” နဲ႔ ယေန႔ညအတြက္ ေနာက္ဆံုးရအားကစားသတင္းမ်ား
https://sportsmyanmar.com/archives/16935,ဆုိးလ္ရွားဟာ ယူနုိက္တက္ မွာ တာဝန္ သံုးခု ယူရ လိမ့္မယ္ လို့ ေျပာၾကား လိုက္တဲ့ #ဂယ္ရီနဗီးလ္
https://sportsmyanmar.com/archives/16933,#Breaking_News : 2018 ခုႏွစ္ အတြက္ UEFA Club Coefficient အဆင့္ သတ္မွတ္ခ်က္ေတြ ထြက္ေပၚ
https://sportsmyanmar.com/archives/16930,ဟာဇတ္ ကို ေခၚယူ ႏိုင္ဖို႕ ကိုဗာဆစ္ နဲ႕ အစၥကို တို႕ကို အလိုက္ေပး သြားဖို႕ ရွိေနတဲ့ ရီးရဲလ္မက္ဒရစ္ နဲ႕ အျခား ခ်ယ္လ္ဆီး သတင္းတို မ်ား
https://sportsmyanmar.com/archives/16920,ပရီးမီးယားလိဂ္ မွာ တစ္ရာသီ ထဲသာ အထူး ေျခစြမ္းေကာင္း ျပသ နိုင္ခဲ့ ၾကတဲ့ တုိက္စစ္မွဴးမ်ား (သုိ႔မဟုတ္ ) ပရီးမီးယားလိဂ္ရဲ႕ ေကာက္ရုိးမီးမ်ား
https://sportsmyanmar.com/archives/16917,မက္ဆီ နဲ႕ ေရာ္နယ္ဒို ကလြဲလို႕ လက္ရွိ မွာ ဟာဇတ္ ထက္ တိက် ေသခ်ာ တဲ့ ကစားသမား မရွိဘူး လို႕ သံုးသပ္ လိုက္တဲ့ #မာတီနက္ဇ္
https://sportsmyanmar.com/archives/16915,ရာသီဝက္ အငွား နဲ႕ ဟီဂြာအင္ နဲ႕ မိုရာတာ ကို တည့္လဲ ဖို႕ သေဘာတူညီမႈ ရရွိ သြားတဲ့ ေအစီမီလန္ နဲ႕ ခ်ယ္လ္ဆီး
https://sportsmyanmar.com/archives/16911,ေရာ္ဘီဆားေဗ့ခ်္ ေရြးခ်ယ္လိုက္တဲ့ ယခုတစ္ပတ္ ပရီးမီးယားလိဂ္ ရဲ႕ အေကာင္းဆံုး အသင္း
https://sportsmyanmar.com/archives/16909,ယူနုိက္တက္ရဲ့ ထိပ္တန္း ကစားသမား တစ္ဦးေၾကာင့္ ေမာ္ရင္ဟို ထုတ္ပယ္ခံရတယ္ ဆုိတဲ့ သတင္း တစ္ရပ္ ထြက္ေပၚလာ
https://sportsmyanmar.com/archives/16907,ပရီးမီးယားလိဂ္ ရဲ႕ ေစ်းအၾကီးဆံုး စပြန္ဆာ စာခ်ဳပ္ကို ခ်ဳပ္ဆိုဖို႔ ေဆြးေႏြးေနျပီ ျဖစ္တဲ့ #လီဗာပူး
https://sportsmyanmar.com/archives/16905,ေႏြရာသီမွာကစားသမားသစ္ေခၚယူစရာမလိုခဲ႔ဘူးဆိုတာကို စပါးတို့သက္ေသျပထားႏိုင္ခဲ႔ပါျပီလို႔ဆိုလိုက္တဲ႔ #ဟယ္ရီရက္နပ္စ္
https://sportsmyanmar.com/archives/16901,ရာသီ အစကတည္း က ခ်ယ္လ္ဆီး အသင္း ကို ပရီးမီးယားလိဂ္ ဖလား စိန္ေခၚမယ့္ အသင္း အျဖစ္ မျမင္ မိေၾကာင္း သံုးသပ္ ခဲ့တဲ့ #ဂယ္ရီနဗီးလ္
https://sportsmyanmar.com/archives/16898,ခ်ဲလ္ဆီး ပစ္မွတ္ အီကာဒီ ရဲ႕ အနာဂါတ္အတြက္ အေျဖေပးသြားခဲ့တဲ့ သက္ဆုိင္သူ
https://sportsmyanmar.com/archives/16894,ကမၻာ့ဖလားျပိဳင္ပြဲမွာဂိုးေပါက္ေပ်ာက္ဆံုးခဲ႔ျခင္းကသူ႔အေပၚေျခာက္လန့္မွဳတခုလိုျဖစ္ခဲ႔ဟု ဝန္ခံလိုက္တဲ႔#ဂါဘရီယယ္ေဂ်းဆု
https://sportsmyanmar.com/archives/16892,လီဗာပူး သတင္းတိုမ်ား
https://sportsmyanmar.com/archives/16889,လီဗာပူး သတင္းတိုမ်ား
https://sportsmyanmar.com/archives/16887,အုိေဇးလ္ဟာ ဘာေၾကာင့္ အသင္းေခါင္းေဆာင္ေကာင္းတစ္ေယာက္ ျဖစ္သလဲ ဆုိတာ ဖြင့္ဟ ေျပာၾကားလုိက္တဲ့ #ကုိလာစီနက္
https://sportsmyanmar.com/archives/16885,ဒီရာသီ ဥေရာပ ထိပ္သီးလိဂ္ 5 ခုရဲ႕ စြမ္းေဆာင္ရည္ အေကာင္းဆံုး ကစားသမား အျဖစ္ ရပ္တည္ေနတဲ့ #မက္ဆီ
https://sportsmyanmar.com/archives/16879,ပရီးမီးယားလိဂ္ရဲ႕ ရာသီ၀က္ အေကာင္းဆံုးကစားသမား ၁၀ ဦး
https://sportsmyanmar.com/archives/16878,လိဂ္ဖလားေအာင္ျမင္မွဳရရွိျပီးဆယ္ႏွစ္ေလာက္အျကာမွာမွဆုတံဆိပ္ကိုရရွိခဲ႔တဲ႔#ဂ်ာမိန္းဒီဖိုး
https://sportsmyanmar.com/archives/16876,ဆုိးလ္ရွားကို ယူနုိက္တက္ မွာပဲ ေရွ့ဆက္ ရွိေန ေစလိုေၾကာင္း ရွင္းလင္း ေျပာၾကား လိုက္တဲ့ #ဝက္စ္ဘေရာင္း
https://sportsmyanmar.com/archives/16873,မိုဟာမက္ ဆာလား ဒီရာသီမွာ အထေႏွးခဲ့တဲ့ အေၾကာင္းရင္း ၂ ခု ကို ေျပာျပလိုက္တဲ့ ယာဂန္ကေလာ့
https://sportsmyanmar.com/archives/16871,ဆုိးလ္ရွားကို ယူနုိက္တက္ မွာပဲ ေရွ့ဆက္ ရွိေန ေစလိုေၾကာင္း ရွင္းလင္း ေျပာၾကား လိုက္တဲ့ #ဝက္စ္ဘေရာင္း
https://sportsmyanmar.com/archives/16868,ဝက္ဖို႕ဒ္ နဲ႕ ပြဲမွာ ခ်ယ္လ္ဆီး အသင္းသား ေတြရဲ႕ တုန္႕ျပန္မႈ ကို ျမင္ေတြ႕ လိုေနတဲ့ #ဆာရီ
https://sportsmyanmar.com/archives/16866,ကာဒစ္ဖ္ နဲ့ နုိင္ပြဲ အျပီး ယူနုိက္တက္ ကစားသမား ေတြ အေန နဲ့ ရွက္သင့္တယ္ လို့ ေျပာၾကား လိုက္တဲ့ #ေပါလ္မာဆင္
https://sportsmyanmar.com/archives/16864,နံနက္ခင္း သတင္းမ်ား
https://sportsmyanmar.com/archives/16862,ဗန္ဒိုက္ကို ေပါင္ ၁၂ သန္းထဲနဲ႕ ေခၚယူႏုိင္မယ့္ အခြင့္အေရးကို အာဆင္နယ္ အသင္း ျငင္းပယ္ခဲ့တဲ့ အေၾကာင္းရင္း ထြက္ေပၚလာခဲ့
https://sportsmyanmar.com/archives/16860,ျမင္းသံုးေကာင္ ေျပးတဲ့ ျပိဳင္ပြဲ ျဖစ္လာခဲ့ျပီလား ? ဆုိတဲ့ ေမးခြန္းအေပၚ တုန္႕ျပန္ ေျဖၾကားသြား ခဲ့တဲ့ လီဗာပူး နည္းျပ ယာဂန္ကေလာ့
https://sportsmyanmar.com/archives/16858,ပရီးမီးယားလိဂ္ ဆုဖလားကို ရာသီကုန္ ဘယ္သူ ဆြတ္ခူး နုိင္လိမ့္မလဲ ဆုိတာ နဲ့ ပတ္သက္ ျပီး သံုးသပ္ သြားတဲ့ #အလန္ရွီးယား
https://sportsmyanmar.com/archives/16856,အိုေလဂန္နာ ဆိုးရွား နဲ႔ မန္ခ်က္စတာယူႏုိက္တတ္ ရဲ႕ အနာဂါတ္
https://sportsmyanmar.com/archives/16854,လုိင္ လီ ၾကယ္ ပြင့္ ကုိ ေခၚ ယူ နုိင္ ဖုိ႔ ဆုိ ရင္ ယူ ရုိ သန္း ၈၀ အ သုံး ျပဳ ဖုိ႔ လုိ အပ္ မယ့္ အာ ဆင္ နယ္ အ သင္း
https://sportsmyanmar.com/archives/16850,အလန္ရီွးယားရား ေရြးခ်ယ္ခဲ့တဲ့ ပရီးမီးယားလိဂ္ ပြဲစဥ္ ၁၈ ရဲ႕ အေကာင္းဆံုး အသင္း
https://sportsmyanmar.com/archives/16846,လုိင္ လီ ၾကယ္ ပြင့္ ကုိ ေခၚ ယူ နုိင္ ဖုိ႔ ဆုိ ရင္ ယူ ရုိ သန္း ၈၀ အ သုံး ျပဳ ဖုိ႔ လုိ အပ္ မယ့္ အာ ဆင္ နယ္ အ သင္း
https://sportsmyanmar.com/archives/16844,ယေန႔အတြက္ ေနာက္ဆံုးရ အားကစားသတင္းမ်ား
https://sportsmyanmar.com/archives/16842,မက္ဆီ လက္သစ္လို႔ ေခၚတြင္ၾကတဲ့ ဒမ္ဘီလီကို အသက္ 15 ႏွစ္ အရြယ္မွာပဲ ပရို စာခ်ဳပ္ ခ်ဳပ္ဆုိလိုက္ျပီ ျဖစ္တဲ့ #ဆဲလ္တစ္
https://sportsmyanmar.com/archives/16839,မက္ဆီ လက္သစ္လို႔ ေခၚတြင္ၾကတဲ့ ဒမ္ဘီလီကို အသက္ 15 ႏွစ္ အရြယ္မွာပဲ ပရို စာခ်ဳပ္ ခ်ဳပ္ဆုိလိုက္ျပီ ျဖစ္တဲ့ #ဆဲလ္တစ္
https://sportsmyanmar.com/archives/16836,Breaking News : ေျခဖဝါးရုိးက်ဳိးပဲ့ ဒဏ္ရာေၾကာင့္ ေျခာက္ပတ္ၾကာ အနားယူရေတာ့မယ္ အာဆင္နယ္ အသင္း ကြင္းလယ္လူ မီခီတာရန္း
https://sportsmyanmar.com/archives/16833,ယခုႏွစ္ရာသီ ပရီးမီးယားလိဂ္ ေရႊဖိနပ္ဆုကုိ အူဘာမီယန္း ရယူနုိင္လိမ့္မယ္လုိ႔ ယုံၾကည္ေၾကာင္း ေျပာၾကားလုိက္တဲ့ ဆုိကရက္တစ္
https://sportsmyanmar.com/archives/16831,FFP စည္းမ်ဥ္းသစ္နဲ႔ ကိုက္ညီဖို႔ ဘာေပ နဲ႔ ေနမာ တို႔ တစ္ဦးဦးကို မျဖစ္မေနေရာင္းခ် ရေတာ့မယ့္ #PSG
https://sportsmyanmar.com/archives/16829,2018 ခုႏွစ္ အတြက္ ပရီးမီးယားလိဂ္ အေကာင္းဆံုး ကစားသမား အျဖစ္ သတ္မွတ္ခံလုိက္ရတဲ့ #မိုဆာလတ္
https://sportsmyanmar.com/archives/16827,BREAKING ;ခ်န္ပီယံလိဂ္ျပိဳင္ပြဲဝင္ခြင့္ပိတ္ပင္ခံရမယ့္အေရးျကံုေနရတဲ႔ #PSGအသင္း
https://sportsmyanmar.com/archives/16824,ဆိုးရွား ၊ ဆြန္ နဲ႔ . . . ယခုအပတ္ အတြက္ ေတြးမိေတြးရာေလးမ်ား
https://sportsmyanmar.com/archives/16820,အဲဗာတန္နဲ ပြဲစဥ္ မွ တစ္ကယ့္ကို ထူူျခားတဲ့ ေျခစြမ္းရွင္ တစ္ဦး အမည္ကို ထုတ္ေဖာ္ ေျပာၾကားလိုက္တဲ့ ေတာ့တင္ဟမ္ နည္းျပ #ပိုခ်က္တီနို
https://sportsmyanmar.com/archives/16817,ခ်ယ္လ္ဆီး အသင္း ရဲ႕ အေထာင္ တိုက္စစ္ ေနရာ လိုအပ္ခ်က္ ကို ျဖည့္ဆည္း ေပးမယ့္ တိုက္စစ္မွဴး ဟာ ဘယ္သူ ျဖစ္ႏိုင္မလဲ ဆိုတာ သံုးသပ္ခဲ့တဲ့ #ကတ္စ္ကာရီႏို
https://sportsmyanmar.com/archives/16814,ဇန္န၀ါရီမွာ လူေခၚမယ့္ . . . မန္ခ်က္စတာ ယူႏိုက္တတ္ သတင္းတုိမ်ား
https://sportsmyanmar.com/archives/16807,ပိုခ်က္တီႏိုနဲ႔ဇီဒန္းတို့ဟာ ဘာေျကာင့္ ယူႏိုက္တက္ နည္းျပအလုပ္နဲ႔ မသင့္ေတာ္တာလဲဆိုတာကိုရွင္းျပလိုက္တဲ႔ #ဂေရမီေဆာင္းနက္စ္
https://sportsmyanmar.com/archives/16808,မန္ယူႏုိက္တက္ အတြက္ အသင့္ေတာ္ဆံုး နည္းျပ ကုိ ထုတ္ေဖာ္လုိက္တဲ့ လူး၀စ္ဆာဟာ
https://sportsmyanmar.com/archives/16803,မန္ယူႏုိက္တက္ အတြက္ အသင့္ေတာ္ဆံုး နည္းျပ ကုိ ထုတ္ေဖာ္လုိက္တဲ့ လူး၀စ္ဆာဟာ
https://sportsmyanmar.com/archives/16800,ယူႏုိက္တတ္ လူငယ္ၾကယ္ပြင့္ေလးကို ေနရာေပးဖို႔ ဆုိးရွား ျပင္ဆင္ေနၿပီ
https://sportsmyanmar.com/archives/16798,ကာဒစ္နဲ႔ ပြဲမွာ ယူႏိုက္တက္ ကစားသမားေတြ ကစားပံု ၾကည့္ရတာ ေထာင္ကေန လြတ္လာတဲ့ သူေတြ လိုပါပဲ #မာတင္ကီအြန္
https://sportsmyanmar.com/archives/16795,အမ္မရီ နဲ႔ အာဆင္ဝင္းဂါး မတူညီတဲ့ အခ်က္တစ္ခ်က္ကုိ သုံးသပ္ ေျပာၾကားလုိက္တဲ့ မက္စ္ မကၠာသီ
https://sportsmyanmar.com/archives/16793,“ 4 မွတ္ ျပတ္သြားလို႔ ပက္ဂြာဒီယုိလာက စိုးရိမ္ေနမွာ မဟုတ္ပါဘူး ၊ လီဗာပူးလဲ အေႏွးနဲ႔အျမန္ေတာ့ ရႈံးပြဲ ၾကံဳပါလိမ့္မယ္” #ရြိဳင္းေဟာ့ဒ္ဆန္
https://sportsmyanmar.com/archives/16789,ဇန္န၀ါရီမွာ မျဖစ္မေန အားျဖည့္ရေတာ့မယ့္ ခ်ဲလ္ဆီး ရဲ႕ ေနရာတစ္ခု
https://sportsmyanmar.com/archives/16785,အဲဗာတန္ကုိ ဂိုးျပတ္ ႏုိင္ခဲ့ျပီးေနာက္ ပရီးမီးယားလိဂ္ ဖလား နဲ႕ ပက္သက္ျပီး ၀န္ခံသြားခဲ့တဲ့ ေတာ့တင္ဟမ္ နည္းျပ ပိုခ်က္တီႏုိ
https://sportsmyanmar.com/archives/16782,” အသင္းျကီးေတြဟာ ဆုဖလားေအာင္ျမင္မွဳေတြရႏိုင္ဖို႔လိုပါတယ္ “လို႔စပါး အသင္းကို သတိေပးလိုက္တဲ႔ #ဂေရမီေဆာင္းနက္စ္
https://sportsmyanmar.com/archives/16779,ေမာ္ရင္ညိဳ ရာထူးမွ ထုတ္ပယ္ ခံခဲ့ ရမွဳ အတြက္ မန္ယူႏုိက္တက္ ကစားသမားေတြ တာ၀န္ယူသြားရမယ္လို႕ ဆုိလိုက္တဲ့ မာတစ္ နဲ႕ လူ႕ေရွာ
https://sportsmyanmar.com/archives/16776,Mbappe ဟာ ရိုနယ္ဒိုထက္ သာလြန္တဲ့သူ ျဖစ္လာလိမ့္မယ္လို႔ မိုနာကို ဒါရိုက္တာေဟာင္းေျပာဆို
https://sportsmyanmar.com/archives/16774,ယူႏုိက္တက္တုိ႕ ဒီရာသီ ခ်န္ပီယံလိဂ္ ၀င္ခြင့္ ရခဲ့မယ္ဆုိရင္ အိုလီဂန္နာဆုိးရွား အေနနဲ႕ ဆုေၾကး ဘယ္ေလာက္ ရမလဲ ဆုိတာ ထြက္ေပၚလာခဲ့
https://sportsmyanmar.com/archives/16770,ေဝဖန္မႈေတြ ခံေနရတဲ့ အုိေဇးလ္ဘက္မွာ အာဆင္နယ္ အသင္း တစ္သင္းလုံး ရွိေနေၾကာင္း ထုတ္ေဖာ္ေျပာၾကားလုိက္တဲ့ #ကုိလာစီနက္
https://sportsmyanmar.com/archives/16764,လန္ဒန္ျမိဳ႕ ရွိ အိမ္ယာမဲ့ မ်ားအတြက္ ခရစ္စမတ္ အၾကိဳ အစားအေသာက္ နဲ႕ ေနစရာ အေထာက္အပံ့ မ်ား လွဴဒါန္း ခဲ့တဲ့ ခ်ယ္လ္ဆီး ေဖာင္ေဒးရွင္း
https://sportsmyanmar.com/archives/16762,ေနာက္ပြဲစဥ္ မွာေတာ့ ဂိုးရေအာင္ ၾကိဳးစား သြားမယ္ လို႕ ပရိသတ္ ေတြကို ကတိေပး လိုက္တဲ့ #ဟာဇတ္
https://sportsmyanmar.com/archives/16759,ဗန္ဒိုက္ဟာ ဗီဒစ္ ၊ ဖာဒီနန္ ၊ တယ္ရီ တို႔ သံုးေယာက္ေပါင္းစပ္ထားတဲဲ့ ကစားသမားမ်ိုဳးလို႔ ခ်ီးက်ဴး လိုက္တဲ့ #ေဂ်မီရက္နပ္
https://sportsmyanmar.com/archives/16757,ဆိုးရွားရဲ႕ အၾကံေပး အျဖစ္ ေဆာင္ရြက္ေနျပီ ျဖစ္တဲ့ ဖာဂူဆန္ နဲ႔ နံနက္ခင္း သတင္းမ်ား
https://sportsmyanmar.com/archives/16752,အဲဗာတန္ ကို ဂိုးျပတ္ အႏိုင္ယူ အျပီးမွာ ၊ စပါးလဲ ခ်န္ပီယံဆုကို စိန္ေခၚႏိုင္လိမ့္မယ္ လို ထုတ္ေဖာ္ ေျပာဆိုလာတဲ့ #ပုိခ်က္တီႏို
https://sportsmyanmar.com/archives/16750,ပရီးမီးယားလိဂ္ခ်န္ပီယံဆုေျပးလမ္းမွာမန္စီးတီး အသင္းကလီဗာပူး ထက္ႏွာတဖ်ားသာေနဆဲျဖစ္တယ္လို႔ဆိုလိုက္တဲ႔ #ဒပ္ဖ္
https://sportsmyanmar.com/archives/16748,Paul Merson လာပါပီ . . . ပရီးမီးယားလိဂ္ ပြဲစဥ္ ( ၁၉ ) အတြက္ခန္႔မွန္းခ်က္မ်ား
https://sportsmyanmar.com/archives/16745,ရာသီတစ္၀က္ မက်ိဳးမီ တစ္ပြဲအလို ပရီးမီးယားလိဂ္ Top 6 အသင္းေတြရဲ႕ စြမ္းေဆာင္ရည္ကို အဆင့္သတ္မွတ္ကာ သံုးသပ္လိုက္တဲ့ ေရာ္ဘီဆားေဗ့ခ်
https://sportsmyanmar.com/archives/16743,လူကာကူ အေပၚ ယူနုိက္တက္တုိ့ ဆက္ဆံပံု ကို နားမလည္ ျဖစ္မိ ေၾကာင္း ဖြင့္ဟ လိုက္တဲ့ #မာတီနက္ဇ္
https://sportsmyanmar.com/archives/16741,ေရာ္နယ္ဒိုကို ေခၚယူႏိုင္ေရးတကယ္ျဖစ္လာခဲ႔ပံုကိုျပန္ေျပာင္းေျပာျပခဲ႔တဲ႔ #ပါရာတီစိီ ( ဂ်ဴဗီအားကစားဒါရိုက္တာ )
https://sportsmyanmar.com/archives/16739,ဘန္ေလ အသင္းနဲ႔ပြဲမတုိင္မွီကတည္းက အူဘာမီယန္း ႏွစ္ဂုိး သြင္းလိမ့္မယ္ ၾကိဳတင္ေဟာကိန္း ထုတ္ခဲ့တဲ့ #ဆုိကရက္တစ္
https://sportsmyanmar.com/archives/16735,ရတ္ဖို႔ဒ္ကိုေခၚယူႏိုင္ေရးမွာ ရီးရဲလ္ကို အသာရဖို႔ုျကိုးပမ္းသြားဖြယ္ရွိေနတဲ႔ ဘာစီလိုနာအသင္း
https://sportsmyanmar.com/archives/16731,လီဗာပူးအသင္း အာဆင္နယ္လို လုပ္ျပ ႏုိင္မွာမဟုတ္ဘူးလို႕ ေျပာလိုက္တဲ့ ဂ်မိန္းဂ်ီးနက္
https://sportsmyanmar.com/archives/16729,ကာဒစ္ဖ္နဲ့ ဂိုးျပတ္နိုင္ပြဲ မတုိင္မီ အသင္းသား ေတြကို ဘာေတြ မွာၾကားခဲ့သလဲ ဆိုတာ ဖြင့္ဟ လိုက္တဲ့ #ဆုိးလ္ရွား
https://sportsmyanmar.com/archives/16722,ယူႏိုက္တက္ ရဲ႕ အားစား ဒါရိုတ္တာ ရာထူူးကို စိတ္၀င္စားတယ္လို႔ ပြင့္ပြင့္လင္းလင္း ၀န္ခံလုိက္တဲ့ #ရွမိုက္ကယ္
https://sportsmyanmar.com/archives/16719,Pogba again . . . ေပါ့ဘာတို႔ကေတာ့ လုပ္ခ်လုိက္ျပန္ပီ
https://sportsmyanmar.com/archives/16717,ယာဂန္ ကေလာ့ပ္ ရဲ႕ လီဗာပူး လုိုမ်ိဳး ၊ ယူႏိုက္တက္ကို ျမင္ခ်င္မိတယ္ လို႔ ၀န္ခံသြားတဲ့ #၀ိန္းရြန္းနီ
https://sportsmyanmar.com/archives/16713,မိသားစု နဲ႔ အတူ ခရစၥမတ္ကို လူသားဆန္ဆန္္ ျဖတ္သန္းႏုိင္ေတာ့မယ့္ ဟိုေဆးေမာ္ရင္ဟို
https://sportsmyanmar.com/archives/16711,OBE ဘြဲ႔ ခ်ီးျမွင့္ခံ ရေတာ့မယ့္ ဟယ္ရီကိန္း
https://sportsmyanmar.com/archives/16707,လာာမယ့္ ဇန္နဝါရီ မွာ တိုက္စစ္ပိုင္း ထပ္မံ အားျဖည့္ ဖို႕ ရွိေနတဲ့ ခ်ယ္လ္ဆီးသတင္းတို မ်ား
https://sportsmyanmar.com/archives/16703,လက္စတာ ကို ရႈံးနိမ့္ ခဲ့တဲ့ ပြဲမွာ ခ်ယ္လ္ဆီး အသင္း လိုအပ္ ေနတဲ့ အရာ ၃ ခု ကို ထုတ္ေဖာ္ ေျပာဆို သြားခဲ့တဲ့ #အလန္ရွီးယား
https://sportsmyanmar.com/archives/16701,လီ​ဗာပူးသတင္​းတုိမ်ား
https://sportsmyanmar.com/archives/16697,အာဆင္နယ္ သတင္းတုိမ်ား
https://sportsmyanmar.com/archives/16693,ဟုိေဆး ေမာ္ရင္ဟို မရွိေတာ့တဲ့ ေနာက္ အသင္းမွာ ဘယ္လို အေျပာင္းအလဲေတြ ျဖစ္သြားခဲ့သလဲ ဆုိတာ ေျပာၾကားလိုက္တဲ့ #လင္ဂတ္
https://sportsmyanmar.com/archives/16691,ရမ္ေဆးကိုေခၚယူႏိုင္ဖို႔ ေရပန္းအစားဆံုးအသင္းအျဖစ္ဦးေဆာင္ေနတဲ႔ ဂ်ဴဗီအသင္း
https://sportsmyanmar.com/archives/16686,ဂ်ိမ္းစ္မီနာ ရဲ႕ လက္ေဆာင္ကို အေကာင္းဆံုးအသံုးခ်ခဲ့တဲ့ လီဗာပူးပရိသတ္ေလး ၂ ဦး
https://sportsmyanmar.com/archives/16683,ဥေရာပ ေရႊဖိနပ္ဆု အမွတ္ေပး ဇယားကို ဦးေဆာင္ဖို႔ တစ္မွတ္သာ လိုေတာ့တဲ့ #မက္ဆီ
https://sportsmyanmar.com/archives/16680,ဂ်ိမ္းစ္မီနာ ရဲ႕ လက္ေဆာင္ကို အေကာင္းဆံုးအသံုးခ်ခဲ့တဲ့ လီဗာပူးပရိသတ္ေလး ၂ ဦး
https://sportsmyanmar.com/archives/16678,မန္ခ်က္စတာ ယူႏုိက္တတ္ သတင္းတိုမ်ား
https://sportsmyanmar.com/archives/16676,ကမၻာ့ကလပ္ ခ်န္ပီယံမ်ားဖလားကို ဆြတ္ခူးျပီး စံခ်ိန္သစ္ေတြ မ်ားစြာ ရယူသြားတဲ့ #ရီးရဲ မက္ဒရစ္
https://sportsmyanmar.com/archives/16671,ကလပ္ကမၻာ့ဖလားကိုရရွိခဲ႔အျပီးမွာ ဇီဒန္းကို ေက်းဇူးတင္စကားဆိုလိုက္တဲ့ #ဆိုလာရီ
https://sportsmyanmar.com/archives/16665,ယူႏုိက္တက္ မွာ အရာအားလံုး ဘယ္ေလာက္ ဆုိးရြားေနသလဲ ဆုိတာကုိ ဆုိးရွား ကုိ သူေျပာျပ ခဲ့တယ္လို႕ ထုတ္ေဖာ္လိုက္တဲ့ ရြန္းနီ
https://sportsmyanmar.com/archives/16660,ပရီးမီးယားလိဂ္မွာပထမဆံုးအိမ္ကြင္းရွံုးပြဲျကံုေတြ႔ခဲ႔တဲ႔အေပၚ ဂြာဒီယုိလာဘယ္လိုမွတ္ခ်က္ေပးသြားခဲ႔လဲ?
https://sportsmyanmar.com/archives/16648,နည္းျပသစ္ ၊ ဒီရာသီရဲ့ ဂိုးအျပတ္ဆံုး နိုင္ပြဲမွာ ယူနုိက္တက္ နဲ့ ပတ္သက္လို့ မွတ္သားစရာ ျဖစ္ေစခဲ့တဲ့ အခ်က္ 5 ခ်က္
https://sportsmyanmar.com/archives/16644,ဆိုးရွား ရဲ႕ အသင္း နဲ႔ ေမာ္ရင္ဟိုရဲ႕အသင္း ဘာေတြကြာျခားသြားလဲဆုိတာ ေျပာျပသြားတဲ့ ရြန္းနီ
https://sportsmyanmar.com/archives/16642,မန္ယူႏုိက္တတ္ နည္းျပအဖြင့္ပြဲမွာ ဂုိးျပတ္အႏုိင္ရခဲ့တဲ့ ဆိုးရွား
https://sportsmyanmar.com/archives/16637,ဘန္္ေလအသင္းနဲ႔ပြဲက အသင္းေခါင္းေဆာင္ အုိေဇးလ္ ရဲ႕ ေျခစြမ္း နဲ႔ စြမ္းေဆာင္ရည္ပုိင္းကုိ ခ်ီးက်ဴ းသြားခဲ့တဲ့ အမ္မရီ
https://sportsmyanmar.com/archives/16633,ခ်န္ပီယံလိဂ္ Break Through Team 2018 ကို ေၾကျငာလိုက္တဲ့ #UEFA
https://sportsmyanmar.com/archives/16632,ဘန္္ေလအသင္းနဲ႔ပြဲက အသင္းေခါင္းေဆာင္ အုိေဇးလ္ ရဲ႕ ေျခစြမ္း နဲ႔ စြမ္းေဆာင္ရည္ပုိင္းကုိ ခ်ီးက်ဴ းသြားခဲ့တဲ့ အမ္မရီ
https://sportsmyanmar.com/archives/16628,အသင္းရဲ႕ ႏိုင္ပြဲမွာ ပါဝင္ကူညီေပးႏိုင္ခဲ႔လို႕ ဂုဏ္ယူမိတဲ႔အေျကာင္းဖြင့္ဟသြားခဲ႔တဲ႔ #အိုေဇးလ္
https://sportsmyanmar.com/archives/16625,ယာဂန္ကေလာ့ ရဲ႕ Selfie Story အရ ေရာ္နယ္ဒို နဲ႕ မက္ဆီ ဘယ္သူ႕ဘက္မွာ ရွိေနသလဲ ဆုိတာ ကြဲကြဲျပားျပား ထြက္ေပၚ လာခဲ့
https://sportsmyanmar.com/archives/16611,ကံဆိုးစြာ နဲ႕ ဒီရာသီ ပထမဆံုး အိမ္ကြင္း ရႈံးပြဲ ၾကံဳေတြ႕ ခဲ့ရတဲ့ ခ်ယ္လ္ဆီး( Full time : ခ်ယ္လ္ဆီး ၀ – ၁ လက္စတာ )
https://sportsmyanmar.com/archives/16610,ဧျပီလ ေနာက္ပိုင္း အိမ္ကြင္းမွာ ပထမဆံုး ရႈံးပြဲ ၾကံဳခဲ့တဲ့ #မန္စီးတီး
https://sportsmyanmar.com/archives/16605,အာဆင္နယ္ ၃-၁ ဘန္ေလပြဲစဥ္မွာေျပာစရာျဖစ္ခဲ႔တဲ႔ အခ်က္၅ခ်က္
https://sportsmyanmar.com/archives/16602,ဒီရာသီ ဥေရာပ ထိပ္သီးလိဂ္ 5 ခုမွာ ေနရာအလိုက္ စြမ္းေဆာင္ျပေနတဲ့ အေကာင္းဆံုး ကစားသမား 11 ေယာက္ စာရင္းမ်ား
https://sportsmyanmar.com/archives/16545,ဟီဂြာအင္ကို ေခၚယူဖို႔ ေအစီ ၊ ဂ်ဴဗီ တို႔နဲ႔ ေဆြးေႏြးေနျပီ ျဖစ္တဲ့ #ခ်ဲဆီး
https://sportsmyanmar.com/archives/16591,အူဘာမီယန္းရဲ႕ သြင္းဂုိးေတြနဲ႔ အိမ္ကြင္းမွာ နုိင္ပြဲ ျပန္လည္ရယူနုိင္ခဲ့တဲ့ အာဆင္နယ္ အသင္း
https://sportsmyanmar.com/archives/16589,ယေန့ည ပြဲစဥ္အတြင္း စီေရာ္နယ္ဒို ပါဝင္ ကစားမွာကို စိုးရိမ္မိေၾကာင္း ဝန္ခံလိုက္တဲ့ ရိုးမားနည္းျပ #ဒီဖရန္စစၥကို
https://sportsmyanmar.com/archives/16586,မန္ခ်က္စတာ ယူႏုိက္တတ္ သတင္းတိုမ်ား
https://sportsmyanmar.com/archives/16584,လီဗာပူး သတင္​းတိုမ်ား
https://sportsmyanmar.com/archives/16577,2018 ခုႏွစ္ အတြက္ one championship ရဲ႕ အေကာင္းဆံုး ပြဲအျဖစ္ ေအာင္လအန္ဆန္း ထိုးသတ္တဲ့ပြဲ က ဆြတ္ခူး ရရွိ
https://sportsmyanmar.com/archives/16572,အာဆင္နယ္ သတင္းတုိမ်ား ႏွင့္ ထူးျခားမွတ္တမ္းမ်ား
https://sportsmyanmar.com/archives/16569,ဒီရာသီ ခ်န္ပီယံလိဂ္ ဖလား ကုိ ဗိုလ္စြဲ ႏုိင္ေျခ ရွိတဲ့ အသင္း ၃ သင္း ကုိ ေျပာျပလိုက္တဲ့ အိုလီဗာခန္း  မန္စီးတီး X လီဗာပူး X ဘုိင္ယန္ျမဴးနစ္ X
https://sportsmyanmar.com/archives/16571,ပရီးမီးယားလိဂ္ ခ်န္ပီယံ ျဖစ္ဖို႔ ရမွတ္ 105 မွတ္ အထိ လိုလိမ့္မယ္လို႔ ဆိုလိုက္တဲ့ #ယာဂန္ကေလာ့ပ္
https://sportsmyanmar.com/archives/16568,Ronaldo effect : လူမွဳကြန္ယက္မွာ တဟုန္ထုိး တုိးတက္ လာတဲ့ #ဂ်ဴဗင္တပ္ 2018 လက္က်န္ ပြဲစဥ္ ေတြမွ အနည္းဆံုး ပြဲ တစ္ပြဲ ကစားခြင့္ လြဲေခ်ာ္သြားဖုိ့ ရွိေနတဲ့ #စီေရာ္နယ္ဒို
https://sportsmyanmar.com/archives/16564,မိမိကိုယ္ကိုယ္ဇာဗီနဲ႔ အင္နီေယစတာေပါင္းစပ္ထားသူအျဖစ္ျမင္မိေျကာင္းဆိုလိုက္တဲ႔#ဟယ္ရီဝင့္ခ္
https://sportsmyanmar.com/archives/16562,ရိုနာဒိုေၾကာင့္ ၀င္ေငြေတြ တစ္ဟုန္ထိုး ခုန္တက္သြားျပန္တဲ့ #ဂ်ဴဗီ
https://sportsmyanmar.com/archives/16560,လက္စတာ အသင္း နဲ႕ ပြဲစဥ္ မတိုင္ခင္ အခ်က္အလက္ တခ်ိဳ႕ နဲ႕ အျခား ခ်ယ္လ္ဆီး သတင္းတို မ်ား
https://sportsmyanmar.com/archives/16551,ေနာက္ဆံုး ဆယ္စုႏွစ္တခုအတြင္းဗလင္စီယာ အသင္းရဲ႕ေဖာက္သည္ျကီးလိုျဖစ္ေနတဲ႔ဘာစီလိုနာအသင္း
https://sportsmyanmar.com/archives/16550,PSGစတားတဦးနဲ႔ အိုေဇးလ္တို့ရဲ႕အလဲအထပ္ကိုျမင္ေတြ႕ရရင္အံ႔ျသမိမွာမဟုတ္ဘူးလို႔ဆိုလိုက္တဲ႔ #ပယ္ရီဂရို႔ဗ္
https://sportsmyanmar.com/archives/16548,လက္စတာ နဲ႕ပြဲမွာ ဟာဇတ္ ကို False 9 အျဖစ္ အသံုးျပဳ ႏိုင္မလား ဆိုတဲ့ ေမးခြန္း အေပၚ တုန္႕ျပန္ သြားခဲ့တဲ့ #ဆာရီ
https://sportsmyanmar.com/archives/16546,ဘာကာ၊ ဘိုင္ယန္၊ ရီးရဲလ္တို႔ရဲ႕ အနီးကပ္ေစာင့္ျကည့္ျခင္းကိုခံေနရျပီျဖစ္တဲ႔ #ေဂ်ဒန္ဆန္ခ်ိဳ
https://sportsmyanmar.com/archives/16543,ဟီဂြာအင္ ရဲ႕ ေျခစြမ္း ကို ႏွစ္သက္ ေပမယ့္ သူ႕ကို ေခၚယူ မယ့္ အေၾကာင္း ကို ျငင္းဆို ခဲ့တဲ့ #ဆာရီ
https://sportsmyanmar.com/archives/16540,ဗန္ဒိုက္ ( သို႔မဟုတ္ ) ၂၀၁၈ ရဲ႕ အေကာင္းဆံုး ခံစစ္သမား
https://sportsmyanmar.com/archives/16538,ယူႏုိက္တတ္ ကိုေရာက္တာနဲ႔ ကစားသမားေတြကို ေခၚယူသတိေပးခဲ့တဲ့ ဆိုးရွား
https://sportsmyanmar.com/archives/16536,မက္ဆီကို ဘယ္သူမွ ရပ္တန္႔လို႔မရႏုိင္ပါဘူး လုိ႔ ဆယ္တာ တုိက္စစ္မႈး ေျပာဆုိ
https://sportsmyanmar.com/archives/16532,ဆုိးလ္ရွားနဲ့ သူ့အၾကား တူညီတဲ့အရာေတြ ရွိေနတယ္လို႔ ေထာက္ခံ အားေပးလိုက္တဲ့ #ဂြာဒီယိုလာ
https://sportsmyanmar.com/archives/16529,ဖာဘင္ညိဳ ဟာ လီဗာပူရဲ႕ ထိပ္တန္း ကစားသမား တစ္ဦး ဆုိတာ သေဘာေပါက္သြားခဲ့တဲ့ အခ်ိန္ကို ထုတ္ေဖာ္လိုက္တဲ့ ဂယ္ရီနဗီး
https://sportsmyanmar.com/archives/16527,ဆုိးလ္ရွားရဲ့ လက္ေအာက္မွာ ေပါ့ဂ္ဘာ ေတာက္ပနုိင္မဲ့ တစ္ခု ေသာ အခြင့္အလမ္း ကုိ ေျပာၾကားလိုက္တဲ့ #ဖလက္ခ်ာ
https://sportsmyanmar.com/archives/16524,၀ုဖ္နဲ႕ ပြဲမွာ အေကာင္းဆံုး ကစားသမားဆုကို ရခဲ့တဲ့ လီဗာပူး ေနာက္ခံလူ ဗန္ဒိုက္ကုိ အာဆင္နယ္ဂႏၱ၀င္ ကစားသမားနဲ႕ ႏွဳိင္းယွဥ္ကာ ခ်ီးက်ဴး လိုက္တဲ့ ကာေရဂါ
https://sportsmyanmar.com/archives/16518,ျပီးျပည့္စံုတဲ့ ကစားပုံ ျဖစ္တယ္လို႕ လီဗာပူး ကစားသမား ေတြကုိ ခ်ီးက်ဴး သြားခဲ့တဲ့ နည္းျပ ယာဂန္ကေလာ့
https://sportsmyanmar.com/archives/16513,ပရီးမီးယားလိဂ္ ဖလား ကုိ ရရွိဖုိ႕ အတြက္ ဘယ္ႏွစ္မွတ္ေလာက္ လိုအပ္ ႏုိင္မလဲ ဆုိတာကို ၀ုဖ္နဲ႕ ပြဲအျပီးမွာ ေျပာျပလိုက္တဲ့ ယာဂန္ကေလာ့
https://sportsmyanmar.com/archives/16510,၀ုဖ္ ၀ – ၂ လီဗာပူး ပြဲစဥ္ မွာ သိေကာင္းစရာ အခ်က္မ်ား
https://sportsmyanmar.com/archives/16508,အုိေဇးလ္ရဲ႕ အနာဂတ္ နဲ႔ ပက္သက္ျပီး တိတိက်က်အေျဖေပးသြားခဲ့တဲ့ အူနုိင္းအမ္မရီ
https://sportsmyanmar.com/archives/16506,အုိေဇးလ္ရဲ႕ အနာဂတ္ နဲ႔ ပက္သက္ျပီး တိတိက်က်အေျဖေပးသြားခဲ့တဲ့ အူနုိင္းအမ္မရီ
https://sportsmyanmar.com/archives/16504,ဆုိးလ္ရွားရဲ့ လက္ေအာက္မွာ ေတာက္ပလာဖြယ္ ရွိေနတဲ့ ယူနိုက္တက္ ကစားသမား 5 ဦး
https://sportsmyanmar.com/archives/16501,လုိင္ဗာငွက္ေတြရဲ႕ ခ်န္ပီယံအိပ္မက္ေတြကို ၀ံပုေလြတို႔ ေႏွာက္ယွက္ႏုိင္မွာလား . . . .
https://sportsmyanmar.com/archives/16494,ဟာဇတ္ နဲ႕ ဆာလက္ ဘယ္သူ ပိုေကာင္းလဲ ေရြးခ်ယ္ ခဲ့တဲ့ #ခရိတ္ဘာလီ
https://sportsmyanmar.com/archives/16497,ယေန႔အတြက္ ေနာက္ဆံုးရ အားကစားသတင္းမ်ား
https://sportsmyanmar.com/archives/16495,ယေန႔အတြက္ ေနာက္ဆံုးရ အားကစားသတင္းမ်ား
https://sportsmyanmar.com/archives/16492,ဒီရာသီ ပရီးမီးယားလိဂ္ ရဲ႕ ေနရာအလိုက္ စြမ္းေဆာင္ရည္ အေကာင္းဆံုး ကစားသမားမ်ား
https://sportsmyanmar.com/archives/16488,လုိင္ဗာငွက္ေတြရဲ႕ ခ်န္ပီယံအိပ္မက္ေတြကို ၀ံပုေလြတို႔ ေႏွာက္ယွက္ႏုိင္မွာလား . . . .
https://sportsmyanmar.com/archives/16485,‘ အဲ့တာ မင္းရဲ့ အမွား ‘ ေမာ္ရင္ဟို ထုတ္ပယ္ခံခဲ့ ရျပီးေနာက္ မက္ေဆ့ေတြ အမ်ားၾကီး ရခဲ့ေၾကာင္း ေျပာၾကားလိုက္တဲ့ #ရွကီြရီ
https://sportsmyanmar.com/archives/16481,ဘယ္လုပ္ရပ္ ဟာ သူ႕ကို ပိုျပီး ရင့္က်က္ လာေစခဲ့ သလဲ ဆိုတာ ရွင္းလင္း ခဲ့တဲ့ #ေလာ့ဖ္တပ္စ္ခ်ိခ္
https://sportsmyanmar.com/archives/16473,ႏူအာ ထက္ အလီဆြန္က ပိုေကာင္းတယ္လို႔ မွတ္ခ်က္ေပးလိုက္တဲ့ ကမၻာေက်ာ္ ဂိုးသမားေဟာင္းၾကီး #အိုလီဗာခန္း
https://sportsmyanmar.com/archives/16470,အာဆင္နယ္ သတင္းတုိမ်ား
https://sportsmyanmar.com/archives/16466,ယူရို ၁၁ သန္း နဲ႕ ေအစီမီလန္ သို႕ ေရာက္ရွိ ဖို႕ နီးစပ္ လာတဲ့ ဖာဘရီဂတ္စ္ နဲ႕ အျခား ခ်ယ္လ္ဆီး သတင္းတို မ်ား
https://sportsmyanmar.com/archives/16464,ယူႏိုက္တက္လိုအဆင့္အတန္းမ်ိဳးျဖစ္လာမွာမဟုတ္တဲ႔စပါးအသင္းကို ပိုခ်က္တီႏို စြန့္ခြာသြားပါလိမ့္မယ္လို့ဆိုလိုုက္တဲ႔ #ကာေရဂါ
https://sportsmyanmar.com/archives/16462,ယူႏိုက္တက္ လိုအဆင့္အတန္းမ်ိဳးျဖစ္လာမွာမဟုတ္တဲ႔စပါးအသင္းကို ပိုခ်က္တီႏို စြန့္ခြာသြားပါလိမ့္မယ္လို့ဆိုလိုုက္တဲ႔ #ကာေရဂါ
https://sportsmyanmar.com/archives/16454,ဂ်ာမန္ျကယ္ပြင့္တိုက္စစ္ကစားသ မားကို ဘိုင္ယန္ျမဴးနစ္ အသင္းနဲ႔ အျပိဳင္ကမ္းလွမ္းသြားေတာ့မယ့္ လီဗာပူး အသင္း
https://sportsmyanmar.com/archives/16457,ဆာအဲလက္ဖာဂူဆန္ ရဲ႕ လႊမ္းမိုးမွဳ ၊ ေဘာလံုး အေတြးအေခၚ နဲ႕ ကစားသမားေတြဆီက အေကာင္းဆံုး အရည္အေသြး ထုတ္ယူပံုေတြကို သတင္းစာရွင္းလင္းပြဲမွာ ေျပာျပလိုက္တဲ့ ဆုိးရွား
https://sportsmyanmar.com/archives/16450,အမ္မရီ လက္ထက္ အာဆင္နယ္ အသင္း ေျခစြမ္းပုိင္းအေပၚ မွတ္ခ်က္ေပးလုိက္တဲ့ အာဆင္ဝင္းဂါး
https://sportsmyanmar.com/archives/16446,ေအစီမီလန္ အသင္းနဲ႔ တိုက္စစ္မွဴး အလဲအထပ္ျပဳလုပ္သြားဖြယ္ရွိေနတဲ႔ ခ်ဲဆီးလ္အသင္း
https://sportsmyanmar.com/archives/16443,ေရဘူးနဲ႔ ပစ္ေပါက္ခံရတဲ့ အခိ်န္မွာ အလီ ရဲ႕ တုန္႔ျပန္ပုံကုိ ခ်ီးက်ဴ း လုိက္တဲ့ ပုိခ်က္တီႏုိ
https://sportsmyanmar.com/archives/16441,နာမည္ေက်ာ္ နည္းျပ ႏွစ္ဦးကို ေဘာလံုး ရဲ့ အသည္းႏွလံုး လို့ တင္စား လိုက္တဲ့ ဖူလ္ဟမ္ အသင္း နည္းျပ #ရာေနးရီ
https://sportsmyanmar.com/archives/16439,ဘာစီလိုနာ နည္းျပ ျဖစ္လာဖို႔ ေမာ္ရင္ဟို က အရမ္းကို နီးစပ္ခဲ့ဖူးတယ္လို႔ အံ့အားသင့္ဖြယ္ရာ ထုတ္ေဖာ္ ေျပာဆုိလိုက္တဲ့ #ဘာစီလိုနာ ဥကၠေဟာင္း
https://sportsmyanmar.com/archives/16437,မန္စီးတီး အသင္းရဲ႕ အားနည္းခ်က္ကိုရွာလို႔မေတြ႕ေသးဘူးလို႕ပြင့္ပြင့္လင္းလင္းဝန္ခံလိုက္တဲ႔ #ကေလာ့ပ္
https://sportsmyanmar.com/archives/16435,နည္းျပသစ္ဆိုးလ္ရွားရဲ႕ အဖြင့္ပြဲစဥ္၂ပြဲဆက္ ကို လြဲေခ်ာ္ဖြယ္ရွိေနတဲ႔ #လူကာကူ
https://sportsmyanmar.com/archives/16431,ဘာစီလိုနာ နည္းျပ ျဖစ္လာဖို႔ ေမာ္ရင္ဟို က အရမ္းကို နီးစပ္ခဲ့ဖူးတယ္လို႔ အံ့အားသင့္ဖြယ္ရာ ထုတ္ေဖာ္ ေျပာဆုိလိုက္တဲ့ #ဘာစီလိုနာ ဥကၠေဟာင္း
https://sportsmyanmar.com/archives/16429,မန္စီးတီး အသင္းရဲ႕ အားနည္းခ်က္ကိုရွာလို႔မေတြ႕ေသးဘူးလို႕ပြင့္ပြင့္လင္းလင္းဝန္ခံလိုက္တဲ႔ #ကေလာ့ပ္
https://sportsmyanmar.com/archives/16426,ေမာ္ရင္ဟို ဘာ့ေၾကာင့္ ယူနုိက္တက္မွ ထုတ္ပယ္ ခံလိုက္ ရသလဲ ဆုိတဲ့ အေၾကာင္းအရင္း တစ္ခု ထြက္ေပၚလာ
https://sportsmyanmar.com/archives/16424,လီ​ဗာပူး သတင္​းတိုမ်ား
https://sportsmyanmar.com/archives/16422,အေျခခံ က်န္းမာေရး ေစာင့္ေရွာက္မႈေတြ လုပ္ေဆာင္ဖို႔ ယူရို 100000 လွဴဒါန္းခဲ့တဲ့ #မက္ဆီ
https://sportsmyanmar.com/archives/16420,မန္ခ်က္စတာ ယူႏုုိက္တတ္ သတင္းတိုမ်ား
https://sportsmyanmar.com/archives/16418,ပီအက္ဂ်ီ နဲ႕ ေတြ႕ဆံုရမယ့္ ခ်န္ပီယံလိဂ္ ပြဲစဥ္ အတြက္ သံုးသပ္ ေျပာၾကား သြားခဲ့တဲ့ ယူႏုိက္တက္ နည္းျပသစ္ ဆုိးရွား
https://sportsmyanmar.com/archives/16414,ေနာက္ထပ္ ခံစစ္ပိုင္း ျပသနာ ထပ္မံ ၾကံဳေတြ႕ခဲ့ရပါက လီဗာပူး ရဲ႕ ဗဟုိ ေနာက္ခံလူ ေနရာမွာ ကစားဖို႕ အရန္သင့္ ျဖစ္ေနတဲ့ ကစားသမား ကို ထုတ္ေဖာ္လုိက္တဲ့ ကေလာ့
https://sportsmyanmar.com/archives/16412,ယူႏိုက္တက္ နဲ႔ ပတ္သက္တဲ့ ေမးခြန္း ျပန္လည္ေျဖၾကားျခင္း မျပဳဖို႔ ပိတ္ပင္ခံလိုက္ရတဲ့ #ပုိခ်က္တီႏို
https://sportsmyanmar.com/archives/16410,ပရီးမီးယားလိဂ္ ဖလား တုိက္ပြဲမွာ လီဗာပူး အသင္း ရဲ႕ ၾကီးမားတဲ့ ခြန္အားဟာ ဘာလဲ ဆုိတာ ထုတ္ေဖာ္လိုက္တဲ့ မီနာ
https://sportsmyanmar.com/archives/16408,ေမာ္ရင္ဟိုဟာ ရိုင္ယန္ဂစ္နဲ့ အလုပ္ တြဲလုပ္ဖုိ့ ဘာ့ေၾကာင့္ ျငင္းဆန္ ခဲ့သလဲ ဆုိတဲ့ အေၾကာင္းအရင္း မွန္ ထြက္ေပၚ လာ
https://sportsmyanmar.com/archives/16405,ဆိုးရွား ရဲ႕ ယူႏုိက္တတ္ နည္းျပဘ၀ ပထမဆံုး အင္တာဗ်ဳး
https://sportsmyanmar.com/archives/16401,ေမာ္ရင္ဟို ရဲ႕ ယူႏုိက္တတ္ က်ဆံုးခန္းမွာ အဓိကက်ခဲ့တဲ့ ကစားသမား တစ္ဦး အမည္ကို ေပါလ္မာဆြန္ ထုတ္ေဖာ္ေျပာဆို
https://sportsmyanmar.com/archives/16399,ဖီဖာရဲ႕ ႏွစ္ကုန္ ကမာၻ႕အဆင့္ သတ္မွတ္ခ်က္မွာ ထိပ္ဆံုး ေနရာကေန ဖယ္ေပးလိုက္ရတဲ့ ျပင္သစ္ အသင္း
https://sportsmyanmar.com/archives/16397,ယူနုိက္တက္ မွ ထုတ္ပယ္ ခံခဲ့ ရတဲ့ နည္းျပ ေဟာင္း ဟုိေဆး ေမာ္ရင္ဟို အေပၚ မွတ္ခ်က္ ေပးလိုက္တဲ့ ခ်စ္တပည့္ #ဖရန့္လမ္းပတ္
https://sportsmyanmar.com/archives/16395,အနာဂတ္နဲ ပတ္သက္လို့ သူ့ရဲ့ ၾကီးမားတဲ့ ရည္ရြယ္ခ်က္ တစ္ခုကို ေျပာၾကားလိုက္တဲ့ #ဘာဘာေတာ့ဗ္
https://sportsmyanmar.com/archives/16392,ခရစ္စတီယာႏိုေရာ္နယ္ဒို အသင္းက ထြက္ခြာသြားမွဳဟာ သူ႕ကို ဘယ္လို အကူအညီ ျဖစ္ေစသလဲ ဆုိတာရွင္းျပလိုက္တဲ့ ဂါရက္ေဘး
https://sportsmyanmar.com/archives/16387,Paul Merson လာပါပီ . . . . ပရီးမီးယားလိဂ္ ပြဲစဥ္ ( ၁၈ ) အတြက္ ခန္႔မွန္းခ်က္မ်ား
https://sportsmyanmar.com/archives/16385,ယေန႔အတြက္ ေနာက္ဆံုးရ အားကစားသတင္းမ်ား
https://sportsmyanmar.com/archives/16383,ဆုိးလ္ရွားကို အိုးလ္ထရပ္ဖုိ့ဒ္မွ ၾကိဳဆုိေၾကာင္း ေျပာၾကားလိုက္တဲ့ ယူနုိက္တက္ ဂႏၶဝင္ #ဝိန္းရြန္းနီ
https://sportsmyanmar.com/archives/16379,ယခုလ မွာ စပါးကုိ အႏုိင္ ရရွိခဲ့ျပီးေနာက္ အာဆင္နယ္ ကစားသမား ေတြရဲ႕ ေအာင္ပြဲခံမွဳ အေပၚ ျပစ္တင္ေ၀ဖန္လိုက္တဲ့ ဒန္နီရို႕စ္
https://sportsmyanmar.com/archives/16375,ခ်ယ္လ္ဆီး အတြက္ ျပိဳင္ပြဲစံု သြင္းဂိုး ၁၀၀ ျပည့္ေျမာက္ေတာ့မယ့္ ဟာဇတ္ နဲ႕ အျခား ခ်ယ္လ္ဆီး သတင္းတို မ်ား
https://sportsmyanmar.com/archives/16365,အုိေဇးလ္ကုိ ခ်န္လွပ္ခဲ့တဲ့ အေၾကာင္းအရင္းကုိ တိတိက်က် သိခ်င္ေၾကာင္း အမ္မရီ ကုိ ေတာင္းဆုိလုိက္တဲ့ အီယန္ရုိက္
https://sportsmyanmar.com/archives/16362,#Breaking_News : ခံစစ္ ျပသနာ ေျဖရွင္းဖို႔ ေနာက္တန္း ကစားသမား တစ္ေယာက္ကို ေခၚယူလုိက္ျပီ ျဖစ္တဲ့ #Barcelona
https://sportsmyanmar.com/archives/16358,အာရွဖလား ျပိဳင္ပြဲေၾကာင့္ ပရီးမီးယားလိဂ္ ပြဲစဥ္ အခ်ိဳ႕ကို လြဲေခ်ာ္ရမယ့္ နာမည္ၾကီး ကစားသမားအခ်ိဳ႕
https://sportsmyanmar.com/archives/16356,တပြဲတည္း မွာ ေနရာစံု ေဆာ့ျပီး ေျခစြမ္းျပ ခဲ့တဲ့ ေလာ့ဖ္တပ္စ္ခ်ိခ္ ကို ခ်ီးက်ဴး ေျပာဆို ခဲ့တဲ့ #ဇိုလာ
https://sportsmyanmar.com/archives/16352,ဟုိေဆး ေနာက္ဆံုး ကိုင္တြယ္ ခဲ့တဲ့ ပြဲစဥ္ ႏွစ္ပြဲ မွာ လုခ္ေရွာ မပါဝင္ နုိင္ ခဲ့တဲ့ အေၾကာင္း အရင္း အမွန္ ထြက္ေပၚ လာ
https://sportsmyanmar.com/archives/16345,အန္ဒီ ေရာဘတ္ဆန္ လိုအပ္ ေနတဲ့ အရာတစ္ခုကုိ ေျပာျပလိုက္တဲ့ လီဗာပူး ဘယ္ေနာက္ခံလူေဟာင္း ရီဆား
https://sportsmyanmar.com/archives/16341,တကယ့္ Special One ဟာ ေႏြရာသီမွာ မန္ခ်က္စတာယူႏုိက္တတ္ ကိုေရာက္လာလိမ့္မယ္လုိ႔ ရက္နက္ေျပာဆို
https://sportsmyanmar.com/archives/16339,ကြာရာေဘာင္းဖလား ဆီမီးဖုိင္နယ္ မွာ ခ်ဲလ္ဆီး အသသင္းနဲ႔ ေတြ႔ဆုံေနတဲ့အေပၚ ဝန္ခံမႈ တစ္ခု ျပဳလုပ္သြားတဲ့ ပုိခ်က္တီႏုိ
https://sportsmyanmar.com/archives/16337,ေမာ္ရင္ဟို ထုတ္ပယ္ ခံရမွဳ အေပၚ မွတ္ခ်က္ေပးလိုက္တဲ့ ယူနုိက္တက္ ေနာက္ခံလူ #အဲရစ္ဘိုင္လီ
https://sportsmyanmar.com/archives/16334,မက္ဆီ၊ေရာ္နယ္ဒို၊ဆြာရက္ဇ္တို့ရဲ႕စံခ်ိန္တခုကို လိုက္မီသြားခ႔ဲတဲ႔ #ဂါရတ္ေဘးလ္
https://sportsmyanmar.com/archives/16331,ဆီမီးဖိုင္နယ္ သို႕ တက္ေရာက္ ေစမယ့္ အဆံုးအျဖတ္ ဂိုးကို သြင္းယူ ေပးခဲ့တဲ့ ဟာဇတ္ အေပၚ ဇိုလာ ခ်ီးက်ဴး ေျပာဆို
https://sportsmyanmar.com/archives/16329,ေရးဘီးေယာ့တ္ရဲ႕ေအးဂ်င့္နဲ႔ဘာစီလိုနာတို့ကိုေဝဖန္ျပစ္တင္သြားခဲ႔တဲ႔ PSG အားကစားဒါရိုက္တာ
